date,city,contrib_facebook,contrib_google_search,contrib_linear_tv,contrib_instagram,contrib_youtube,contrib_radio,contrib_programmatic_display,contrib_out_of_home,contrib_podcast,contrib_email,contrib_baseline,contrib_controls,contrib_latent,contrib_spill_from_caracas_facebook,contrib_spill_from_caracas_google_search,contrib_spill_from_valencia_linear_tv,contrib_spill_total
2025-01-06,Caracas,0.3612601446381506,0.6567054782675129,0.0,0.0,0.0,0.0,0.6927879227894153,0.0,0.0,0.0,7.45089239026797,0.5831585783919483,0.0,0.0,0.0,0.11167505515003362,0.11167505515003362
2025-01-06,Valencia,0.0,0.0,1.1167505515003362,0.0,0.0,0.6174298327152941,0.0,0.0,0.0,0.4743883453015293,6.527481803912355,0.4238466808297428,0.0,0.03612601446381506,0.06567054782675129,0.0,0.10179656229056636
2025-01-13,Caracas,0.3461398694334355,0.7424881962633118,0.0,0.0,0.0,0.0,0.6405549179684703,0.0,0.0,0.0,7.434843439679299,0.5791682096034857,0.0,0.0,0.0,0.11206888646213381,0.11206888646213381
2025-01-13,Valencia,0.0,0.0,1.120688864621338,0.0,0.0,0.5980779731033355,0.0,0.0,0.0,0.437362267559825,6.537569284535006,0.4111071395655291,0.0,0.03461398694334355,0.07424881962633118,0.0,0.10886280656967473
2025-01-20,Caracas,0.3561510310775798,0.6395326480713363,0.0,0.0,0.0,0.0,0.7678853556496109,0.0,0.0,0.0,7.454902868747154,0.5630629281144542,0.0,0.0,0.0,0.11157372990060632,0.11157372990060632
2025-01-20,Valencia,0.0,0.0,1.1157372990060632,0.0,0.0,0.6058597025521983,0.0,0.0,0.0,0.433759184921492,6.534725047811716,0.4113005155128817,0.0,0.03561510310775798,0.06395326480713363,0.0,0.09956836791489161
2025-01-27,Caracas,0.3943786889577157,0.4252031757933033,0.0,0.0,0.0,0.0,0.6878217912646483,0.0,0.0,0.0,7.448803300921209,0.5462429038338097,0.0,0.0,0.0,0.11018174564103106,0.11018174564103106
2025-01-27,Valencia,0.0,0.0,1.1018174564103105,0.0,0.0,0.5992354046576499,0.0,0.0,0.0,0.560049535282847,6.537936492782211,0.4102858495395756,0.0,0.039437868895771576,0.042520317579330336,0.0,0.08195818647510192
2025-02-03,Caracas,0.3769070345976808,0.5013159030448108,0.0,0.0,0.0,0.0,0.7386848104016447,0.0,0.0,0.0,7.444129293360534,0.5232643471469804,0.0,0.0,0.0,0.11290605607226972,0.11290605607226972
2025-02-03,Valencia,0.0,0.0,1.1290605607226971,0.0,0.0,0.6023107252970482,0.0,0.0,0.0,0.7077973753238775,6.5407317000623655,0.4173051607636356,0.0,0.037690703459768084,0.05013159030448108,0.0,0.08782229376424916
2025-02-10,Caracas,0.4100074692574004,0.2931091901644467,0.0,0.0,0.0,0.0,0.7344063880080683,0.0,0.0,0.0,7.433099370729831,0.4918420490594382,0.0,0.0,0.0,0.10864789554228671,0.10864789554228671
2025-02-10,Valencia,0.0,0.0,1.086478955422867,0.0,0.0,0.6544277280648445,0.0,0.0,0.0,0.6480471585895642,6.539812842718796,0.411406512771278,0.0,0.041000746925740045,0.02931091901644467,0.0,0.07031166594218471
2025-02-17,Caracas,0.3933481510667117,0.6186808355104423,0.0,0.0,0.0,0.0,0.681300671056181,0.0,0.0,0.0,7.430616365635424,0.4496156629847865,0.0,0.0,0.0,0.10655428028011137,0.10655428028011137
2025-02-17,Valencia,0.0,0.0,1.0655428028011136,0.0,0.0,0.6412625836739986,0.0,0.0,0.0,0.5994078603861355,6.528881447701797,0.4257736312298448,0.0,0.039334815106671174,0.06186808355104423,0.0,0.1012028986577154
2025-02-24,Caracas,0.4552931073916179,0.5632274966008577,0.0,0.0,0.0,0.0,0.7705853012996327,0.0,0.0,0.0,7.451595759525514,0.4012793426469185,0.0,0.0,0.0,0.105519463244797,0.105519463244797
2025-02-24,Valencia,0.0,0.0,1.05519463244797,0.0,0.0,0.6246790703865611,0.0,0.0,0.0,0.5547268294674765,6.542915504856265,0.4109793223241965,0.0,0.04552931073916179,0.05632274966008577,0.0,0.10185206039924756
2025-03-03,Caracas,0.5215961660516537,0.7200284814610657,0.0,0.0,0.0,0.0,0.7426319705843345,0.0,0.0,0.0,7.442136841965375,0.3469372061303233,0.0,0.0,0.0,0.11693766236739343,0.11693766236739343
2025-03-03,Valencia,0.0,0.0,1.1693766236739342,0.0,0.0,0.6135263714743515,0.0,0.0,0.0,0.5051677147870107,6.546335220432995,0.3706376888868126,0.0,0.052159616605165375,0.07200284814610657,0.0,0.12416246475127193
2025-03-10,Caracas,0.4484769711828115,0.3848910167515316,0.0,0.0,0.0,0.0,0.8325065318717251,0.0,0.0,0.0,7.430728424648286,0.3032064286754506,0.0,0.0,0.0,0.1110608062407184,0.1110608062407184
2025-03-10,Valencia,0.0,0.0,1.110608062407184,0.0,0.0,0.5984926900368378,0.0,0.0,0.0,0.716704264511298,6.524383130456826,0.3367847806851871,0.0,0.044847697118281155,0.03848910167515316,0.0,0.08333679879343431
2025-03-17,Caracas,0.5604395208746402,0.5889405646345801,0.0,0.0,0.0,0.0,0.7639311736699973,0.0,0.0,0.0,7.445105748089314,0.2600159021106483,0.0,0.0,0.0,0.10550964214465489,0.10550964214465489
2025-03-17,Valencia,0.0,0.0,1.0550964214465488,0.0,0.0,0.5804942116668714,0.0,0.0,0.0,0.685788529203791,6.532035129143395,0.2878665369375914,0.0,0.05604395208746402,0.058894056463458015,0.0,0.11493800855092204
2025-03-24,Caracas,0.5437866633368994,0.7106417936192356,0.0,0.0,0.0,0.0,0.7418099166281371,0.0,0.0,0.0,7.444554487492913,0.2076607349101147,0.0,0.0,0.0,0.09988874205950166,0.09988874205950166
2025-03-24,Valencia,0.0,0.0,0.9988874205950165,0.0,0.0,0.5830811488296146,0.0,0.0,0.0,0.6159711479125399,6.54489743764534,0.2869929229636008,0.0,0.05437866633368994,0.07106417936192357,0.0,0.1254428456956135
2025-03-31,Caracas,0.4807855821802129,0.4075743854819816,0.0,0.0,0.0,0.0,0.7391023279872952,0.0,0.0,0.0,7.467740985698152,0.1470922372047188,0.0,0.0,0.0,0.09952033416990111,0.09952033416990111
2025-03-31,Valencia,0.0,0.0,0.995203341699011,0.0,0.0,0.5815591519406869,0.0,0.0,0.0,0.5267153598940355,6.526216995966699,0.2840909629207575,0.0,0.04807855821802129,0.04075743854819816,0.0,0.08883599676621945
2025-04-07,Caracas,0.4019790446375134,0.5417727162313781,0.0,0.0,0.0,0.0,0.665753909279988,0.0,0.0,0.0,7.437114787046807,0.0881139326905656,0.0,0.0,0.0,0.10023397220185991,0.10023397220185991
2025-04-07,Valencia,0.0,0.0,1.002339722018599,0.0,0.0,0.5831741048879766,0.0,0.0,0.0,0.5393149949373519,6.525908525044826,0.283091886088365,0.0,0.04019790446375134,0.05417727162313782,0.0,0.09437517608688917
2025-04-14,Caracas,0.4357041125120048,0.4097885358014274,0.0,0.0,0.0,0.0,0.6075841225611207,0.0,0.0,0.0,7.45267983197971,0.0314970464063485,0.0,0.0,0.0,0.10157702542605701,0.10157702542605701
2025-04-14,Valencia,0.0,0.0,1.01577025426057,0.0,0.0,0.5862623073973454,0.0,0.0,0.0,0.5373258581270401,6.526996938822615,0.3045724472305883,0.0,0.04357041125120048,0.04097885358014274,0.0,0.08454926483134323
2025-04-21,Caracas,0.4090580266483243,0.8038494035210731,0.0,0.0,0.0,0.0,0.7133754457259863,0.0,0.0,0.0,7.444578111797966,-0.017528045349206,0.0,0.0,0.0,0.10095235178162831,0.10095235178162831
2025-04-21,Valencia,0.0,0.0,1.0095235178162831,0.0,0.0,0.5749947444517739,0.0,0.0,0.0,0.5095444130780761,6.550005144584501,0.3061276868111475,0.0,0.04090580266483243,0.08038494035210732,0.0,0.12129074301693975
2025-04-28,Caracas,0.3369835759016171,0.7125096181067342,0.0,0.0,0.0,0.0,0.830397836674741,0.0,0.0,0.0,7.455578976675802,-0.079978634091778,0.0,0.0,0.0,0.09742116929226585,0.09742116929226585
2025-04-28,Valencia,0.0,0.0,0.9742116929226584,0.0,0.0,0.5685460911620783,0.0,0.0,0.0,0.482376815843704,6.530807786427954,0.3055327597842864,0.0,0.03369835759016171,0.07125096181067342,0.0,0.10494931940083513
2025-05-05,Caracas,0.3308072329755683,0.4632596049567024,0.0,0.0,0.0,0.0,0.886803030317983,0.0,0.0,0.0,7.440334356446128,-0.1385874457205076,0.0,0.0,0.0,0.10089696587783732,0.10089696587783732
2025-05-05,Valencia,0.0,0.0,1.0089696587783732,0.0,0.0,0.6326828988138818,0.0,0.0,0.0,0.4228306282190315,6.521681029593313,0.2862798588042315,0.0,0.03308072329755683,0.04632596049567024,0.0,0.07940668379322707
2025-05-12,Caracas,0.4188008651148185,0.5938138230279423,0.0,0.0,0.0,0.0,0.8313634779336833,0.0,0.0,0.0,7.462637407376048,-0.1945315343321595,0.0,0.0,0.0,0.1028088751416275,0.1028088751416275
2025-05-12,Valencia,0.0,0.0,1.0280887514162749,0.0,0.0,0.6131840118353137,0.0,0.0,0.0,0.5670478379196032,6.535894406827105,0.2751787676062723,0.0,0.041880086511481854,0.05938138230279423,0.0,0.10126146881427608
2025-05-19,Caracas,0.4577291442227262,0.5574509878819245,0.0,0.0,0.0,0.0,0.720664735026739,0.0,0.0,0.0,7.435393694418954,-0.2374297551612867,0.0,0.0,0.0,0.10594326366888157,0.10594326366888157
2025-05-19,Valencia,0.0,0.0,1.0594326366888156,0.0,0.0,0.5862224751393476,0.0,0.0,0.0,0.5996226967964337,6.517376470272932,0.2560929533911687,0.0,0.045772914422272624,0.05574509878819245,0.0,0.10151801321046508
2025-05-26,Caracas,0.4375976697159782,0.6589276259312261,0.0,0.0,0.0,0.0,0.7441683473062128,0.0,0.0,0.0,7.464760824756507,-0.2851665810327943,0.0,0.0,0.0,0.10564789960259952,0.10564789960259952
2025-05-26,Valencia,0.0,0.0,1.056478996025995,0.0,0.0,0.5648449141860308,0.0,0.0,0.0,0.7122990241639242,6.54228118548162,0.2385836406549159,0.0,0.04375976697159782,0.06589276259312261,0.0,0.10965252956472044
2025-06-02,Caracas,0.5490201005612881,0.8026869138811111,0.0,0.0,0.0,0.0,0.6890204833995961,0.0,0.0,0.0,7.457987303686336,-0.3311155423571688,0.0,0.0,0.0,0.10258413165491825,0.10258413165491825
2025-06-02,Valencia,0.0,0.0,1.0258413165491824,0.0,0.0,0.6169462450762105,0.0,0.0,0.0,0.6746193801816643,6.549515633089707,0.2360529218138348,0.0,0.05490201005612882,0.08026869138811112,0.0,0.13517070144423993
2025-06-09,Caracas,0.4859896931728557,0.5323577122620902,0.0,0.0,0.0,0.0,0.762146617268226,0.0,0.0,0.0,7.439999648735911,-0.3639662596623467,0.0,0.0,0.0,0.1016167214191369,0.1016167214191369
2025-06-09,Valencia,0.0,0.0,1.016167214191369,0.0,0.0,0.5974566934892341,0.0,0.0,0.0,0.7067857332620249,6.527951416577257,0.2302428816865668,0.0,0.04859896931728557,0.05323577122620902,0.0,0.10183474054349459
2025-06-16,Caracas,0.4348601603035399,0.810533911009455,0.0,0.0,0.0,0.0,0.6952608001831095,0.0,0.0,0.0,7.440188160337533,-0.4009151130251132,0.0,0.0,0.0,0.09770715095265073,0.09770715095265073
2025-06-16,Valencia,0.0,0.0,0.9770715095265072,0.0,0.0,0.5729279889357931,0.0,0.0,0.0,0.5921295247268117,6.513972927544882,0.1707693587543122,0.0,0.04348601603035399,0.0810533911009455,0.0,0.12453940713129949
2025-06-23,Caracas,0.4282109627620903,0.7413959551476339,0.0,0.0,0.0,0.0,0.7534200151912352,0.0,0.0,0.0,7.454003110567934,-0.4232595296966582,0.0,0.0,0.0,0.09424475996602664,0.09424475996602664
2025-06-23,Valencia,0.0,0.0,0.9424475996602664,0.0,0.0,0.5583152596902584,0.0,0.0,0.0,0.5253272612224795,6.534864184284623,0.0845279996086847,0.0,0.04282109627620903,0.07413959551476339,0.0,0.11696069179097242
2025-06-30,Caracas,0.4376947991412959,0.8345271270811015,0.0,0.0,0.0,0.0,0.7618526641202342,0.0,0.0,0.0,7.44554977948905,-0.4401856425625684,0.0,0.0,0.0,0.09252674602443609,0.09252674602443609
2025-06-30,Valencia,0.0,0.0,0.9252674602443608,0.0,0.0,0.4987986838682533,0.0,0.0,0.0,0.4200232953429715,6.542661959228539,0.0056516732964993,0.0,0.04376947991412959,0.08345271270811017,0.0,0.12722219262223977
2025-07-07,Caracas,0.3464117846273222,0.6555224136728793,0.0,0.0,0.0,0.0,0.8054054444299257,0.0,0.0,0.0,7.444674412729459,-0.4536061207248238,0.0,0.0,0.0,0.09508175550266434,0.09508175550266434
2025-07-07,Valencia,0.0,0.0,0.9508175550266434,0.0,0.0,0.5123663058379551,0.0,0.0,0.0,0.6803057453474498,6.535353053063646,-0.1044571886283528,0.0,0.03464117846273222,0.06555224136728793,0.0,0.10019341983002016
2025-07-14,Caracas,0.4544456760205585,0.6827573761459574,0.0,0.0,0.0,0.0,0.663133915643353,0.0,0.0,0.0,7.4379321752051775,-0.4568399715671175,0.0,0.0,0.0,0.091670656900876,0.091670656900876
2025-07-14,Valencia,0.0,0.0,0.91670656900876,0.0,0.0,0.5171763685346452,0.0,0.0,0.0,0.6265459437752339,6.533021156974892,-0.1834790069282243,0.0,0.045444567602055855,0.06827573761459575,0.0,0.11372030521665161
2025-07-21,Caracas,0.3575570472214206,0.6999885228988773,0.0,0.0,0.0,0.0,0.6968264280151361,0.0,0.0,0.0,7.448494772985687,-0.4543868353717105,0.0,0.0,0.0,0.08155565318030027,0.08155565318030027
2025-07-21,Valencia,0.0,0.0,0.8155565318030026,0.0,0.0,0.5296345630540306,0.0,0.0,0.0,0.6298027327489762,6.550532802402767,-0.2495221260656417,0.0,0.03575570472214206,0.06999885228988773,0.0,0.10575455701202979
2025-07-28,Caracas,0.5321196154082114,0.6206313751976766,0.0,0.0,0.0,0.0,0.7674532868284761,0.0,0.0,0.0,7.449862283963097,-0.4436951983937723,0.0,0.0,0.0,0.08587221368485232,0.08587221368485232
2025-07-28,Valencia,0.0,0.0,0.858722136848523,0.0,0.0,0.5167946077585663,0.0,0.0,0.0,0.5585511477227247,6.540435249055644,-0.2866808265306875,0.0,0.05321196154082114,0.062063137519767664,0.0,0.1152750990605888
2025-08-04,Caracas,0.4577094096123147,0.7479052898415377,0.0,0.0,0.0,0.0,0.803601249448926,0.0,0.0,0.0,7.466281903647826,-0.4346919480865926,0.0,0.0,0.0,0.08508459509600122,0.08508459509600122
2025-08-04,Valencia,0.0,0.0,0.8508459509600121,0.0,0.0,0.5146493592893503,0.0,0.0,0.0,0.6770412361765593,6.532109931992973,-0.3039828197560621,0.0,0.04577094096123147,0.07479052898415377,0.0,0.12056146994538525
2025-08-11,Caracas,0.4184415872349416,0.6481888567327706,0.0,0.0,0.0,0.0,0.8833870395973351,0.0,0.0,0.0,7.460001261889336,-0.4313806783480782,0.0,0.0,0.0,0.10183889438665597,0.10183889438665597
2025-08-11,Valencia,0.0,0.0,1.0183889438665596,0.0,0.0,0.5065862764951546,0.0,0.0,0.0,0.5748151029872207,6.538396680457995,-0.3023219834252421,0.0,0.04184415872349417,0.06481888567327707,0.0,0.10666304439677124
2025-08-18,Caracas,0.4481217657867877,0.5682914112033383,0.0,0.0,0.0,0.0,0.8318348083183474,0.0,0.0,0.0,7.423777008948759,-0.4278443712144956,0.0,0.0,0.0,0.09719145047024089,0.09719145047024089
2025-08-18,Valencia,0.0,0.0,0.9719145047024088,0.0,0.0,0.531047023943242,0.0,0.0,0.0,0.5726642293955007,6.51712225139526,-0.2519498680615341,0.0,0.044812176578678774,0.056829141120333826,0.0,0.1016413176990126
2025-08-25,Caracas,0.3922674639654928,0.7691243100816976,0.0,0.0,0.0,0.0,0.7096150542753238,0.0,0.0,0.0,7.447969415051093,-0.43050660293623,0.0,0.0,0.0,0.08948938688790371,0.08948938688790371
2025-08-25,Valencia,0.0,0.0,0.8948938688790371,0.0,0.0,0.5314838022674577,0.0,0.0,0.0,0.5016718894833685,6.53223444721198,-0.21924632310304,0.0,0.03922674639654928,0.07691243100816976,0.0,0.11613917740471905
2025-09-01,Caracas,0.4494818594114871,0.5560463796517756,0.0,0.0,0.0,0.0,0.8567235077149893,0.0,0.0,0.0,7.454075503406101,-0.4445954217164179,0.0,0.0,0.0,0.08965344319597585,0.08965344319597585
2025-09-01,Valencia,0.0,0.0,0.8965344319597585,0.0,0.0,0.6109928582123741,0.0,0.0,0.0,0.3977668001253164,6.546989589626432,-0.1771528109392587,0.0,0.044948185941148716,0.05560463796517756,0.0,0.10055282390632628
2025-09-08,Caracas,0.4369967393595919,0.8299437074612405,0.0,0.0,0.0,0.0,0.8480001372036141,0.0,0.0,0.0,7.462620581946791,-0.4498034344355258,0.0,0.0,0.0,0.08419043530356608,0.08419043530356608
2025-09-08,Valencia,0.0,0.0,0.8419043530356608,0.0,0.0,0.5855297101288557,0.0,0.0,0.0,0.6427660609279473,6.540285917639819,-0.1049615161058057,0.0,0.043699673935959193,0.08299437074612405,0.0,0.12669404468208323
2025-09-15,Caracas,0.5773358161026421,0.7514641576279065,0.0,0.0,0.0,0.0,0.7194233604943072,0.0,0.0,0.0,7.448348081320484,-0.4683758212604166,0.0,0.0,0.0,0.08734308720518753,0.08734308720518753
2025-09-15,Valencia,0.0,0.0,0.8734308720518753,0.0,0.0,0.555771482148638,0.0,0.0,0.0,0.5453486404893191,6.525716674406511,-0.0638534098865025,0.0,0.057733581610264206,0.07514641576279066,0.0,0.13287999737305486
2025-09-22,Caracas,0.5208605870089809,0.7031441388966827,0.0,0.0,0.0,0.0,0.7433800165310186,0.0,0.0,0.0,7.471048988939657,-0.4814647972093921,0.0,0.0,0.0,0.08731138742525812,0.08731138742525812
2025-09-22,Valencia,0.0,0.0,0.8731138742525812,0.0,0.0,0.5418766836483907,0.0,0.0,0.0,0.5082617269942574,6.560998459862945,-0.0493453898012556,0.0,0.05208605870089809,0.07031441388966828,0.0,0.12240047259056636
2025-09-29,Caracas,0.4682820489677127,0.5366384354899794,0.0,0.0,0.0,0.0,0.7878285835727059,0.0,0.0,0.0,7.441751163623191,-0.5012879590219574,0.0,0.0,0.0,0.08411874915033966,0.08411874915033966
2025-09-29,Valencia,0.0,0.0,0.8411874915033966,0.0,0.0,0.51562348582413,0.0,0.0,0.0,0.5114303732703523,6.518351018039231,-0.063484188111547,0.0,0.046828204896771274,0.05366384354899794,0.0,0.10049204844576921
2025-10-06,Caracas,0.4392296118182681,0.6043395302654848,0.0,0.0,0.0,0.0,0.7149682600699226,0.0,0.0,0.0,7.455294254424726,-0.5228027963647821,0.0,0.0,0.0,0.0841591812449389,0.0841591812449389
2025-10-06,Valencia,0.0,0.0,0.841591812449389,0.0,0.0,0.5189738538576925,0.0,0.0,0.0,0.4606615676886558,6.531558071632484,-0.0822790878028327,0.0,0.043922961181826814,0.060433953026548484,0.0,0.1043569142083753
2025-10-13,Caracas,0.4748539310227737,0.4941539958094328,0.0,0.0,0.0,0.0,0.7114192190957004,0.0,0.0,0.0,7.463858186141429,-0.5503923340015799,0.0,0.0,0.0,0.09066629027950736,0.09066629027950736
2025-10-13,Valencia,0.0,0.0,0.9066629027950736,0.0,0.0,0.5022962512589241,0.0,0.0,0.0,0.3886836660310699,6.533551747257516,-0.0810382118880389,0.0,0.04748539310227737,0.049415399580943285,0.0,0.09690079268322066
2025-10-20,Caracas,0.416451349108423,0.9474128314054322,0.0,0.0,0.0,0.0,0.6747862250653891,0.0,0.0,0.0,7.463598586523768,-0.5768876507524175,0.0,0.0,0.0,0.09414491932303601,0.09414491932303601
2025-10-20,Valencia,0.0,0.0,0.94144919323036,0.0,0.0,0.5147899750151513,0.0,0.0,0.0,0.4690213689394844,6.562020269407357,-0.0880079507769904,0.0,0.041645134910842305,0.09474128314054323,0.0,0.13638641805138552
2025-10-27,Caracas,0.4247108064659577,0.8735737330620013,0.0,0.0,0.0,0.0,0.7072907773539274,0.0,0.0,0.0,7.459882960746376,-0.6058052133153693,0.0,0.0,0.0,0.09185663004957327,0.09185663004957327
2025-10-27,Valencia,0.0,0.0,0.9185663004957326,0.0,0.0,0.5038415915097552,0.0,0.0,0.0,0.4611637623357512,6.529784311606811,-0.0534691819325705,0.0,0.04247108064659577,0.08735737330620014,0.0,0.1298284539527959
2025-11-03,Caracas,0.4731838081934203,0.698244101759984,0.0,0.0,0.0,0.0,0.6750139527258456,0.0,0.0,0.0,7.448841111905475,-0.6416395406152918,0.0,0.0,0.0,0.0871641145168896,0.0871641145168896
2025-11-03,Valencia,0.0,0.0,0.8716411451688959,0.0,0.0,0.5094421327835786,0.0,0.0,0.0,0.3937285376349821,6.520342155915075,-0.0188792857377723,0.0,0.04731838081934203,0.0698244101759984,0.0,0.11714279099534043
2025-11-10,Caracas,0.4803490493346714,0.7093590851578827,0.0,0.0,0.0,0.0,0.651917829581291,0.0,0.0,0.0,7.446586010317396,-0.6827421087394069,0.0,0.0,0.0,0.08184120570696155,0.08184120570696155
2025-11-10,Valencia,0.0,0.0,0.8184120570696154,0.0,0.0,0.4947075032403501,0.0,0.0,0.0,0.6589877990746489,6.518825299002015,0.0314096147758653,0.0,0.04803490493346714,0.07093590851578828,0.0,0.11897081344925542
2025-11-17,Caracas,0.4478613427366557,0.5762692566668269,0.0,0.0,0.0,0.0,0.6602701003408281,0.0,0.0,0.0,7.446321636772159,-0.7110999183545037,0.0,0.0,0.0,0.07281382750548142,0.07281382750548142
2025-11-17,Valencia,0.0,0.0,0.7281382750548141,0.0,0.0,0.5970632313723838,0.0,0.0,0.0,0.5181853778484626,6.549995192536345,0.0613860876579511,0.0,0.04478613427366557,0.0576269256666827,0.0,0.10241305994034827
2025-11-24,Caracas,0.4748177148270474,0.8011115657461879,0.0,0.0,0.0,0.0,0.7470069574243724,0.0,0.0,0.0,7.430970593098096,-0.7333861457502635,0.0,0.0,0.0,0.0673642988364053,0.0673642988364053
2025-11-24,Valencia,0.0,0.0,0.6736429883640529,0.0,0.0,0.5741754585486692,0.0,0.0,0.0,0.624499882428427,6.516546443958434,0.0444770616499669,0.0,0.04748177148270474,0.0801111565746188,0.0,0.12759292805732353
2025-12-01,Caracas,0.5325862294055987,0.4575739966638834,0.0,0.0,0.0,0.0,0.7290535106164528,0.0,0.0,0.0,7.442072436935965,-0.756510623291569,0.0,0.0,0.0,0.07138017059820573,0.07138017059820573
2025-12-01,Valencia,0.0,0.0,0.7138017059820573,0.0,0.0,0.5368720030268178,0.0,0.0,0.0,0.614714158712868,6.5470491799184805,0.0167796599675128,0.0,0.05325862294055988,0.04575739966638834,0.0,0.09901602260694822
2025-12-08,Caracas,0.5538208896546868,0.6369228820359,0.0,0.0,0.0,0.0,0.7500366461095473,0.0,0.0,0.0,7.434322573409065,-0.7743213717679661,0.0,0.0,0.0,0.08047704412493276,0.08047704412493276
2025-12-08,Valencia,0.0,0.0,0.8047704412493275,0.0,0.0,0.5439454577610922,0.0,0.0,0.0,0.4521727581570554,6.546062680017585,-0.0180487783749764,0.0,0.05538208896546868,0.06369228820359,0.0,0.11907437716905869
2025-12-15,Caracas,0.485118796216509,0.750046512546477,0.0,0.0,0.0,0.0,0.7239528914376732,0.0,0.0,0.0,7.453125273255804,-0.7953554516737789,0.0,0.0,0.0,0.09436260568724113,0.09436260568724113
2025-12-15,Valencia,0.0,0.0,0.9436260568724112,0.0,0.0,0.483614497228116,0.0,0.0,0.0,0.5810357015570871,6.530173692851567,-0.0518938703707115,0.0,0.048511879621650905,0.07500465125464771,0.0,0.12351653087629862
2025-12-22,Caracas,0.5321894478355808,0.3524773881604009,0.0,0.0,0.0,0.0,0.6595381283516817,0.0,0.0,0.0,7.449041833217213,-0.802762631137797,0.0,0.0,0.0,0.08450094342196073,0.08450094342196073
2025-12-22,Valencia,0.0,0.0,0.8450094342196072,0.0,0.0,0.4824269814537051,0.0,0.0,0.0,0.4133647978659326,6.526309441157907,-0.0916672612373475,0.0,0.05321894478355808,0.03524773881604009,0.0,0.08846668359959817
2025-12-29,Caracas,0.4663185419986914,0.3696239898824385,0.0,0.0,0.0,0.0,0.7569244734921978,0.0,0.0,0.0,7.453693254592095,-0.8019298702337812,0.0,0.0,0.0,0.0757297744192012,0.0757297744192012
2025-12-29,Valencia,0.0,0.0,0.757297744192012,0.0,0.0,0.4727762250120494,0.0,0.0,0.0,0.4776861170148226,6.535542192879113,-0.1249141328305883,0.0,0.04663185419986914,0.03696239898824385,0.0,0.08359425318811299
2026-01-05,Caracas,0.4609884328417551,0.4029284057733093,0.0,0.0,0.0,0.0,0.7995626654706977,0.0,0.0,0.0,7.438726775434712,-0.799612831245922,0.0,0.0,0.0,0.07941464339944122,0.07941464339944122
2026-01-05,Valencia,0.0,0.0,0.7941464339944122,0.0,0.0,0.4859451289678633,0.0,0.0,0.0,0.4344108185962471,6.550061613905644,-0.11842569120045,0.0,0.04609884328417552,0.04029284057733093,0.0,0.08639168386150645
2026-01-12,Caracas,0.4538814302592254,0.44812004135538,0.0,0.0,0.0,0.0,0.7351327604652576,0.0,0.0,0.0,7.478716542948348,-0.7773782466605206,0.0,0.0,0.0,0.0763172438478056,0.0763172438478056
2026-01-12,Valencia,0.0,0.0,0.7631724384780559,0.0,0.0,0.4914455089690994,0.0,0.0,0.0,0.574156975540316,6.536675863980645,-0.1224699782478855,0.0,0.04538814302592254,0.04481200413553801,0.0,0.09020014716146055
2026-01-19,Caracas,0.5835987374142297,0.5067546368128728,0.0,0.0,0.0,0.0,0.8382384839582558,0.0,0.0,0.0,7.436664113318085,-0.7477870093470742,0.0,0.0,0.0,0.07895359004576001,0.07895359004576001
2026-01-19,Valencia,0.0,0.0,0.7895359004576,0.0,0.0,0.4690863442772672,0.0,0.0,0.0,0.5198504358305505,6.532050066357194,-0.1219368622631815,0.0,0.05835987374142298,0.05067546368128728,0.0,0.10903533742271027
2026-01-26,Caracas,0.6049093884006107,0.6857823378763063,0.0,0.0,0.0,0.0,0.9229128055091338,0.0,0.0,0.0,7.431862105849337,-0.7012827200280214,0.0,0.0,0.0,0.08025408642444581,0.08025408642444581
2026-01-26,Valencia,0.0,0.0,0.8025408642444581,0.0,0.0,0.4974358718150521,0.0,0.0,0.0,0.4857582917483866,6.5387991863702615,-0.0996870219062945,0.0,0.06049093884006107,0.06857823378763063,0.0,0.1290691726276917
2026-02-02,Caracas,0.5402253469224728,0.7439754222282353,0.0,0.0,0.0,0.0,0.8539759352328415,0.0,0.0,0.0,7.44222683868794,-0.6550261930797654,0.0,0.0,0.0,0.0775042303524176,0.0775042303524176
2026-02-02,Valencia,0.0,0.0,0.775042303524176,0.0,0.0,0.4646289298440661,0.0,0.0,0.0,0.4855999166790816,6.542917814099301,-0.0697975813682979,0.0,0.054022534692247284,0.07439754222282353,0.0,0.12842007691507082
2026-02-09,Caracas,0.5654574244066579,0.6386488889203709,0.0,0.0,0.0,0.0,0.8090900486265591,0.0,0.0,0.0,7.454463903281687,-0.6013271121569708,0.0,0.0,0.0,0.08589712920703103,0.08589712920703103
2026-02-09,Valencia,0.0,0.0,0.8589712920703103,0.0,0.0,0.4255657190800549,0.0,0.0,0.0,0.3905310691985489,6.550367434026765,-0.0706114497618493,0.0,0.05654574244066579,0.06386488889203709,0.0,0.12041063133270288
2026-02-16,Caracas,0.5015941932694674,0.5135676309558149,0.0,0.0,0.0,0.0,0.7791955317392683,0.0,0.0,0.0,7.454641072662738,-0.5598487828578944,0.0,0.0,0.0,0.08131385932072925,0.08131385932072925
2026-02-16,Valencia,0.0,0.0,0.8131385932072924,0.0,0.0,0.4201130409252778,0.0,0.0,0.0,0.3597660920231237,6.546807313178122,-0.0629492949730542,0.0,0.050159419326946744,0.051356763095581494,0.0,0.10151618242252824
2026-02-23,Caracas,0.5935816461896919,0.7213426080581872,0.0,0.0,0.0,0.0,0.6933943893418474,0.0,0.0,0.0,7.432651684615831,-0.5104507865553864,0.0,0.0,0.0,0.08419647512163331,0.08419647512163331
2026-02-23,Valencia,0.0,0.0,0.841964751216333,0.0,0.0,0.3926109890145709,0.0,0.0,0.0,0.4538962795879195,6.533452980978876,-0.0592089289746921,0.0,0.05935816461896919,0.07213426080581872,0.0,0.13149242542478792
2026-03-02,Caracas,0.530170136464564,0.6854040563896875,0.0,0.0,0.0,0.0,0.6615302094849733,0.0,0.0,0.0,7.43258626874422,-0.4607050476838948,0.0,0.0,0.0,0.08308089836203846,0.08308089836203846
2026-03-02,Valencia,0.0,0.0,0.8308089836203845,0.0,0.0,0.406541531056312,0.0,0.0,0.0,0.5272204775389567,6.517782117265053,-0.0543151235545218,0.0,0.053017013646456404,0.06854040563896875,0.0,0.12155741928542516
2026-03-09,Caracas,0.4846798380780148,0.5694369668122337,0.0,0.0,0.0,0.0,0.7151189241888438,0.0,0.0,0.0,7.4426596218268,-0.4141925242533338,0.0,0.0,0.0,0.08482130906841304,0.08482130906841304
2026-03-09,Valencia,0.0,0.0,0.8482130906841303,0.0,0.0,0.3741151440216425,0.0,0.0,0.0,0.4982257917202886,6.5386681843241385,-0.0763961406131336,0.0,0.048467983807801485,0.05694369668122337,0.0,0.10541168048902486
2026-03-16,Caracas,0.4835952476203073,0.773733664003585,0.0,0.0,0.0,0.0,0.7179180592185587,0.0,0.0,0.0,7.455243776136838,-0.3798379080407978,0.0,0.0,0.0,0.08333016706385508,0.08333016706385508
2026-03-16,Valencia,0.0,0.0,0.8333016706385508,0.0,0.0,0.3778896311875532,0.0,0.0,0.0,0.4890848341819681,6.5392532243101735,-0.108016871279808,0.0,0.04835952476203073,0.07737336640035851,0.0,0.12573289116238923
2026-03-23,Caracas,0.3832662928704949,0.6017108110618142,0.0,0.0,0.0,0.0,0.7103192135355757,0.0,0.0,0.0,7.443710516236019,-0.3414248187361086,0.0,0.0,0.0,0.08539571378323176,0.08539571378323176
2026-03-23,Valencia,0.0,0.0,0.8539571378323175,0.0,0.0,0.3436415399450352,0.0,0.0,0.0,0.7163702610273093,6.540529692761281,-0.1052970448576207,0.0,0.038326629287049496,0.060171081106181426,0.0,0.09849771039323092
2026-03-30,Caracas,0.4712347774567282,0.8320192730257048,0.0,0.0,0.0,0.0,0.7083535285014975,0.0,0.0,0.0,7.445297529314964,-0.2957738086953614,0.0,0.0,0.0,0.08923767053755433,0.08923767053755433
2026-03-30,Valencia,0.0,0.0,0.8923767053755433,0.0,0.0,0.3617334148414489,0.0,0.0,0.0,0.6419572751341959,6.535963518852146,-0.1402273962607597,0.0,0.047123477745672826,0.08320192730257048,0.0,0.1303254050482433
2026-04-06,Caracas,0.4413937486138265,0.6968614284579179,0.0,0.0,0.0,0.0,0.8391111584062172,0.0,0.0,0.0,7.442716740278561,-0.2381396747823811,0.0,0.0,0.0,0.0895768596372184,0.0895768596372184
2026-04-06,Valencia,0.0,0.0,0.8957685963721839,0.0,0.0,0.3169063950963183,0.0,0.0,0.0,0.5834933555829329,6.529271771650603,-0.1639847196691773,0.0,0.044139374861382655,0.06968614284579179,0.0,0.11382551770717445
2026-04-13,Caracas,0.3813505476569691,0.7769866004721517,0.0,0.0,0.0,0.0,0.7455300406456269,0.0,0.0,0.0,7.454180830273557,-0.188822698450407,0.0,0.0,0.0,0.09015044346122648,0.09015044346122648
2026-04-13,Valencia,0.0,0.0,0.9015044346122648,0.0,0.0,0.2736158827873701,0.0,0.0,0.0,0.639808074785892,6.514430172063039,-0.1931862570128055,0.0,0.03813505476569691,0.07769866004721518,0.0,0.11583371481291209
2026-04-20,Caracas,0.5512935892023463,0.7098781210997166,0.0,0.0,0.0,0.0,0.6401307452896156,0.0,0.0,0.0,7.434583766503123,-0.1463567005639168,0.0,0.0,0.0,0.08450074264644665,0.08450074264644665
2026-04-20,Valencia,0.0,0.0,0.8450074264644665,0.0,0.0,0.3001604527850657,0.0,0.0,0.0,0.7376465808653856,6.528318238641528,-0.2010602012389606,0.0,0.05512935892023463,0.07098781210997167,0.0,0.1261171710302063
2026-04-27,Caracas,0.5534184852557232,0.6528260242218524,0.0,0.0,0.0,0.0,0.660249211402725,0.0,0.0,0.0,7.462219526100632,-0.1001575964458964,0.0,0.0,0.0,0.08948635154417808,0.08948635154417808
2026-04-27,Valencia,0.0,0.0,0.8948635154417808,0.0,0.0,0.2718692136428473,0.0,0.0,0.0,0.7121660732772818,6.543646251311006,-0.2073368226918326,0.0,0.05534184852557233,0.06528260242218524,0.0,0.12062445094775756
2026-05-04,Caracas,0.516793814048793,0.6156597321332972,0.0,0.0,0.0,0.0,0.7024339872236975,0.0,0.0,0.0,7.450215672735179,-0.0638991481287258,0.0,0.0,0.0,0.09167228154045548,0.09167228154045548
2026-05-04,Valencia,0.0,0.0,0.9167228154045548,0.0,0.0,0.2940812630747311,0.0,0.0,0.0,0.7109181389683014,6.5503935380533616,-0.2065605214467656,0.0,0.0516793814048793,0.06156597321332972,0.0,0.11324535461820902
2026-05-11,Caracas,0.4687627461394996,0.8251659314015206,0.0,0.0,0.0,0.0,0.69128218371287,0.0,0.0,0.0,7.451858583689363,-0.0387289741366015,0.0,0.0,0.0,0.09748335705842873,0.09748335705842873
2026-05-11,Valencia,0.0,0.0,0.9748335705842872,0.0,0.0,0.3069263764024341,0.0,0.0,0.0,0.6269189463855168,6.540225498130591,-0.1532147426697132,0.0,0.04687627461394996,0.08251659314015207,0.0,0.12939286775410203
2026-05-18,Caracas,0.4282881310576203,0.7574047419241132,0.0,0.0,0.0,0.0,0.832522753391262,0.0,0.0,0.0,7.443323761120026,-0.0101030620666543,0.0,0.0,0.0,0.09494888028846872,0.09494888028846872
2026-05-18,Valencia,0.0,0.0,0.9494888028846872,0.0,0.0,0.5017629381969155,0.0,0.0,0.0,0.6970504246847115,6.5413383150019655,-0.1126811010878403,0.0,0.04282881310576203,0.07574047419241133,0.0,0.11856928729817336
2026-05-25,Caracas,0.4194340822483833,0.5355951730013293,0.0,0.0,0.0,0.0,0.7388871915526549,0.0,0.0,0.0,7.443811617928466,0.0023751912345024,0.0,0.0,0.0,0.09218674843476969,0.09218674843476969
2026-05-25,Valencia,0.0,0.0,0.9218674843476968,0.0,0.0,0.5642809187098343,0.0,0.0,0.0,0.6043066238441219,6.536902983471923,-0.1088388325442226,0.0,0.04194340822483833,0.05355951730013293,0.0,0.09550292552497126
2026-06-01,Caracas,0.4313279889190216,0.6498165445739309,0.0,0.0,0.0,0.0,0.7884068682451084,0.0,0.0,0.0,7.448931138085367,0.0176147090757365,0.0,0.0,0.0,0.08573352985284599,0.08573352985284599
2026-06-01,Valencia,0.0,0.0,0.8573352985284598,0.0,0.0,0.4865457652407958,0.0,0.0,0.0,0.5494958940601158,6.51553351784429,-0.1088624117380897,0.0,0.04313279889190216,0.0649816544573931,0.0,0.10811445334929526
2026-06-08,Caracas,0.5293309282120219,0.7402841922082601,0.0,0.0,0.0,0.0,0.7069593217850791,0.0,0.0,0.0,7.451386759185556,0.0312742649944775,0.0,0.0,0.0,0.082660832839344,0.082660832839344
2026-06-08,Valencia,0.0,0.0,0.8266083283934399,0.0,0.0,0.4465340507474668,0.0,0.0,0.0,0.4839278598056068,6.536984749057609,-0.1241928510194028,0.0,0.05293309282120219,0.07402841922082602,0.0,0.1269615120420282
2026-06-15,Caracas,0.6001993496744882,0.6814853183591055,0.0,0.0,0.0,0.0,0.7056413327288589,0.0,0.0,0.0,7.439975391727945,0.0569745804550682,0.0,0.0,0.0,0.07799930993676751,0.07799930993676751
2026-06-15,Valencia,0.0,0.0,0.7799930993676751,0.0,0.0,0.3217236591211042,0.0,0.0,0.0,0.4039990497181197,6.545139604641583,-0.1860483920580517,0.0,0.06001993496744882,0.06814853183591056,0.0,0.1281684668033594
2026-06-22,Caracas,0.507708312487501,0.3397394352930485,0.0,0.0,0.0,0.0,0.8299821128352965,0.0,0.0,0.0,7.454960799670086,0.0729439773011626,0.0,0.0,0.0,0.0908509772796744,0.0908509772796744
2026-06-22,Valencia,0.0,0.0,0.9085097727967438,0.0,0.0,0.2217941603992621,0.0,0.0,0.0,0.4837887893056351,6.539779019866165,-0.2764955267771686,0.0,0.050770831248750106,0.03397394352930485,0.0,0.08474477477805495
2026-06-29,Caracas,0.437050993601224,0.65076163734736,0.0,0.0,0.0,0.0,0.7852325135296319,0.0,0.0,0.0,7.436499723275925,0.0868346961446658,0.0,0.0,0.0,0.09081390681876413,0.09081390681876413
2026-06-29,Valencia,0.0,0.0,0.9081390681876412,0.0,0.0,0.499730166870998,0.0,0.0,0.0,0.5504532292169071,6.52987511435611,-0.3411747667072667,0.0,0.0437050993601224,0.065076163734736,0.0,0.1087812630948584
2026-07-06,Caracas,0.3814330010862031,0.7891656711981253,0.0,0.0,0.0,0.0,0.7690704749306831,0.0,0.0,0.0,7.4504565462093,0.0985545379138464,0.0,0.0,0.0,0.09756312305771185,0.09756312305771185
2026-07-06,Valencia,0.0,0.0,0.9756312305771184,0.0,0.0,0.4586157571356956,0.0,0.0,0.0,0.5877878894602611,6.550221704156304,-0.3868808265656525,0.0,0.03814330010862031,0.07891656711981254,0.0,0.11705986722843285
2026-07-13,Caracas,0.4016525546367482,0.8270156396740627,0.0,0.0,0.0,0.0,0.671814351400238,0.0,0.0,0.0,7.445534175984978,0.127328703030112,0.0,0.0,0.0,0.09500846766721681,0.09500846766721681
2026-07-13,Valencia,0.0,0.0,0.950084676672168,0.0,0.0,0.4013966924891778,0.0,0.0,0.0,0.6725732906060106,6.536973822980654,-0.4429753071518055,0.0,0.040165255463674825,0.08270156396740627,0.0,0.1228668194310811
2026-07-20,Caracas,0.4598081743309345,0.7055452291663526,0.0,0.0,0.0,0.0,0.7220604099799678,0.0,0.0,0.0,7.439335629857709,0.1454676681850291,0.0,0.0,0.0,0.095554846768858,0.095554846768858
2026-07-20,Valencia,0.0,0.0,0.95554846768858,0.0,0.0,0.3513886288724811,0.0,0.0,0.0,0.7024582299335327,6.536909182476156,-0.4679843610379502,0.0,0.04598081743309346,0.07055452291663526,0.0,0.11653534034972872
2026-07-27,Caracas,0.4404548422094635,0.7178004492514255,0.0,0.0,0.0,0.0,0.7511133432786818,0.0,0.0,0.0,7.459924122942556,0.1481260708574016,0.0,0.0,0.0,0.09423701868208006,0.09423701868208006
2026-07-27,Valencia,0.0,0.0,0.9423701868208006,0.0,0.0,0.1903028164473621,0.0,0.0,0.0,0.6637383345304168,6.539491991884127,-0.4201026133245717,0.0,0.044045484220946354,0.07178004492514255,0.0,0.1158255291460889
2026-08-03,Caracas,0.5366602067956517,0.7085768177224978,0.0,0.0,0.0,0.0,0.7107978731047165,0.0,0.0,0.0,7.441700570922745,0.1413464159683062,0.0,0.0,0.0,0.09051438247970771,0.09051438247970771
2026-08-03,Valencia,0.0,0.0,0.905143824797077,0.0,0.0,0.1893619095162555,0.0,0.0,0.0,0.6276484456181692,6.533211589772723,-0.3617401229777865,0.0,0.05366602067956518,0.07085768177224978,0.0,0.12452370245181496
2026-08-10,Caracas,0.6162090507343657,0.7532675985394336,0.0,0.0,0.0,0.0,0.7071593909996622,0.0,0.0,0.0,7.428262772059342,0.1372476945828133,0.0,0.0,0.0,0.09070492495108468,0.09070492495108468
2026-08-10,Valencia,0.0,0.0,0.9070492495108468,0.0,0.0,0.2021240009243195,0.0,0.0,0.0,0.6743053108248233,6.519417473451458,-0.3025301587001504,0.0,0.06162090507343657,0.07532675985394337,0.0,0.13694766492737995
2026-08-17,Caracas,0.5368141291940407,0.7489151150405217,0.0,0.0,0.0,0.0,0.6212291170452867,0.0,0.0,0.0,7.456942273112165,0.1383397419676739,0.0,0.0,0.0,0.0874921231295232,0.0874921231295232
2026-08-17,Valencia,0.0,0.0,0.8749212312952319,0.0,0.0,0.1536806546591866,0.0,0.0,0.0,0.6893273354759442,6.53150366101999,-0.2305014773594092,0.0,0.05368141291940407,0.07489151150405217,0.0,0.12857292442345625
2026-08-24,Caracas,0.588939760289637,0.6571847552022442,0.0,0.0,0.0,0.0,0.8419511161752022,0.0,0.0,0.0,7.442486035831317,0.1504258030089683,0.0,0.0,0.0,0.091743716381046,0.091743716381046
2026-08-24,Valencia,0.0,0.0,0.91743716381046,0.0,0.0,0.1782515360159309,0.0,0.0,0.0,0.6984536601422278,6.5254517493021424,-0.135917423636493,0.0,0.05889397602896371,0.06571847552022442,0.0,0.12461245154918812
2026-08-31,Caracas,0.5341197846493015,0.5376053908443447,0.0,0.0,0.0,0.0,0.6527543993028752,0.0,0.0,0.0,7.452448897469507,0.1784640130638252,0.0,0.0,0.0,0.0907539455960258,0.0907539455960258
2026-08-31,Valencia,0.0,0.0,0.907539455960258,0.0,0.0,0.1498141187930047,0.0,0.0,0.0,0.6940244370746295,6.531981292696194,-0.0532341553056069,0.0,0.053411978464930156,0.05376053908443447,0.0,0.10717251754936463
2026-09-07,Caracas,0.5246028909925851,0.5437870323329208,0.0,0.0,0.0,0.0,0.6910673068287144,0.0,0.0,0.0,7.444170933686686,0.1997804646455819,0.0,0.0,0.0,0.08810873821421053,0.08810873821421053
2026-09-07,Valencia,0.0,0.0,0.8810873821421052,0.0,0.0,0.1802279549732491,0.0,0.0,0.0,0.6405284114528853,6.535846443310929,-0.0122137158296646,0.0,0.05246028909925851,0.05437870323329208,0.0,0.10683899233255059
2026-09-14,Caracas,0.5005125420338281,0.7355697283554021,0.0,0.0,0.0,0.0,0.5832844000028181,0.0,0.0,0.0,7.453582305521431,0.2279819120360667,0.0,0.0,0.0,0.07934621474236647,0.07934621474236647
2026-09-14,Valencia,0.0,0.0,0.7934621474236647,0.0,0.0,0.1471271633697658,0.0,0.0,0.0,0.6454934991140582,6.533803757652259,0.0179309512635116,0.0,0.050051254203382814,0.07355697283554022,0.0,0.12360822703892303
2026-09-21,Caracas,0.411803926698003,0.8244910296418523,0.0,0.0,0.0,0.0,0.5919731049093003,0.0,0.0,0.0,7.44832914522889,0.2457017729414153,0.0,0.0,0.0,0.08014356606567596,0.08014356606567596
2026-09-21,Valencia,0.0,0.0,0.8014356606567596,0.0,0.0,0.1945924773133815,0.0,0.0,0.0,0.6711808157112089,6.528025870509645,0.0445643001726601,0.0,0.0411803926698003,0.08244910296418523,0.0,0.12362949563398554
2026-09-28,Caracas,0.40337712164036,0.5280270405633111,0.0,0.0,0.0,0.0,0.7076117673275224,0.0,0.0,0.0,7.440805360516398,0.2620782546903271,0.0,0.0,0.0,0.09917794181457878,0.09917794181457878
2026-09-28,Valencia,0.0,0.0,0.9917794181457878,0.0,0.0,0.2094224766799079,0.0,0.0,0.0,0.6109218125507888,6.544548505178329,0.0747246672482142,0.0,0.040337712164036005,0.05280270405633111,0.0,0.09314041622036712
2026-10-05,Caracas,0.47620556823592,0.5953401423976222,0.0,0.0,0.0,0.0,0.6760282399338862,0.0,0.0,0.0,7.435800002605046,0.2864344266484349,0.0,0.0,0.0,0.08802198329261997,0.08802198329261997
2026-10-05,Valencia,0.0,0.0,0.8802198329261997,0.0,0.0,0.1932327167460665,0.0,0.0,0.0,0.6643580884515484,6.5467556856102505,0.0737450160170429,0.0,0.047620556823592,0.05953401423976223,0.0,0.10715457106335423
2026-10-12,Caracas,0.5792051117011596,0.7346087361580261,0.0,0.0,0.0,0.0,0.8121662506253094,0.0,0.0,0.0,7.466967213367448,0.3091852303494898,0.0,0.0,0.0,0.08411968257399272,0.08411968257399272
2026-10-12,Valencia,0.0,0.0,0.8411968257399272,0.0,0.0,0.2498453633912826,0.0,0.0,0.0,0.6312935671132572,6.545958565872926,0.0602647243918729,0.0,0.057920511170115964,0.07346087361580261,0.0,0.13138138478591857
2026-10-19,Caracas,0.4767619856392207,0.6138969054774203,0.0,0.0,0.0,0.0,0.7209542409634255,0.0,0.0,0.0,7.457015678466262,0.348400852903422,0.0,0.0,0.0,0.0826462704158848,0.0826462704158848
2026-10-19,Valencia,0.0,0.0,0.826462704158848,0.0,0.0,0.1999436610280568,0.0,0.0,0.0,0.5736254137371616,6.513002171795387,0.0536944931516976,0.0,0.04767619856392207,0.06138969054774203,0.0,0.1090658891116641
2026-10-26,Caracas,0.4409655862722555,0.5754645370373148,0.0,0.0,0.0,0.0,0.7150460165207896,0.0,0.0,0.0,7.430015937883901,0.389523193243829,0.0,0.0,0.0,0.08533116849464453,0.08533116849464453
2026-10-26,Valencia,0.0,0.0,0.8533116849464453,0.0,0.0,0.1589208667739988,0.0,0.0,0.0,0.5718824224715853,6.516746994505478,0.0239307901521862,0.0,0.04409655862722556,0.05754645370373149,0.0,0.10164301233095704
2026-11-02,Caracas,0.3889451320221234,0.7381342588639616,0.0,0.0,0.0,0.0,0.7040290497254176,0.0,0.0,0.0,7.448608638326293,0.4183229297450244,0.0,0.0,0.0,0.08488036525138504,0.08488036525138504
2026-11-02,Valencia,0.0,0.0,0.8488036525138504,0.0,0.0,0.1664595600836237,0.0,0.0,0.0,0.532772255653886,6.530581452681767,-0.0093427739459218,0.0,0.03889451320221234,0.07381342588639615,0.0,0.11270793908860849
2026-11-09,Caracas,0.554154538692298,0.9002314360898074,0.0,0.0,0.0,0.0,0.6805383251213537,0.0,0.0,0.0,7.4464371839580705,0.4385017356712165,0.0,0.0,0.0,0.08062778957559165,0.08062778957559165
2026-11-09,Valencia,0.0,0.0,0.8062778957559165,0.0,0.0,0.195234229304693,0.0,0.0,0.0,0.5668437126966955,6.523203156520078,-0.0620416998515557,0.0,0.0554154538692298,0.09002314360898074,0.0,0.14543859747821053
2026-11-16,Caracas,0.4662660432499843,0.7318542450918462,0.0,0.0,0.0,0.0,0.7695392424817764,0.0,0.0,0.0,7.431963237365847,0.4650326308399126,0.0,0.0,0.0,0.08319017266710356,0.08319017266710356
2026-11-16,Valencia,0.0,0.0,0.8319017266710356,0.0,0.0,0.2411256463101499,0.0,0.0,0.0,0.8154060272578266,6.541033708942977,-0.1146795647061147,0.0,0.04662660432499843,0.07318542450918462,0.0,0.11981202883418306
2026-11-23,Caracas,0.5482977889969529,0.8820641777276355,0.0,0.0,0.0,0.0,0.6472803472742387,0.0,0.0,0.0,7.449674106206098,0.4912190427929135,0.0,0.0,0.0,0.08961419367657188,0.08961419367657188
2026-11-23,Valencia,0.0,0.0,0.8961419367657187,0.0,0.0,0.2530374713778655,0.0,0.0,0.0,0.7940711471723817,6.544745981419039,-0.1585602821000349,0.0,0.05482977889969529,0.08820641777276356,0.0,0.14303619667245884
2026-11-30,Caracas,0.5188646642510893,0.8073855900143443,0.0,0.0,0.0,0.0,0.7096701489654178,0.0,0.0,0.0,7.440532059512558,0.5205406208014186,0.0,0.0,0.0,0.08683812619646,0.08683812619646
2026-11-30,Valencia,0.0,0.0,0.8683812619646,0.0,0.0,0.250512117657742,0.0,0.0,0.0,0.779197221425935,6.522860186153623,-0.1758035585184376,0.0,0.05188646642510894,0.08073855900143444,0.0,0.13262502542654336
2026-12-07,Caracas,0.4968913861936951,0.5394853505662669,0.0,0.0,0.0,0.0,0.6027251842133221,0.0,0.0,0.0,7.461218518250992,0.5435738741730871,0.0,0.0,0.0,0.08603147032193986,0.08603147032193986
2026-12-07,Valencia,0.0,0.0,0.8603147032193985,0.0,0.0,0.2055228890854943,0.0,0.0,0.0,0.7286060291228258,6.533929422623122,-0.1561515344807965,0.0,0.049689138619369515,0.053948535056626695,0.0,0.10363767367599622
2026-12-14,Caracas,0.4641675004614416,0.5286482785996632,0.0,0.0,0.0,0.0,0.5707757348768612,0.0,0.0,0.0,7.444520126230955,0.5639963266344196,0.0,0.0,0.0,0.10620118480529894,0.10620118480529894
2026-12-14,Valencia,0.0,0.0,1.0620118480529894,0.0,0.0,0.1705244421663752,0.0,0.0,0.0,0.7125849043800089,6.545992181813926,-0.1325445722096038,0.0,0.046416750046144165,0.052864827859966323,0.0,0.09928157790611049
2026-12-21,Caracas,0.4218733543876328,0.5782084994543836,0.0,0.0,0.0,0.0,0.7860923446428604,0.0,0.0,0.0,7.429553025856284,0.5718317026579957,0.0,0.0,0.0,0.10143348705505568,0.10143348705505568
2026-12-21,Valencia,0.0,0.0,1.0143348705505568,0.0,0.0,0.1274556354047932,0.0,0.0,0.0,0.664344432577581,6.534399713601595,-0.098854106913033,0.0,0.04218733543876328,0.05782084994543836,0.0,0.10000818538420164
2026-12-28,Caracas,0.4429588348467234,0.5609156536388078,0.0,0.0,0.0,0.0,0.76171896018241,0.0,0.0,0.0,7.455590901408452,0.575501095549253,0.0,0.0,0.0,0.09886412226174973,0.09886412226174973
2026-12-28,Valencia,0.0,0.0,0.9886412226174972,0.0,0.0,0.176169316046213,0.0,0.0,0.0,0.6117411470227552,6.525536659135456,-0.0515090933183824,0.0,0.04429588348467234,0.05609156536388078,0.0,0.10038744884855312
