date,city,contrib_C1,contrib_C2,contrib_C3,contrib_C4,contrib_C5,contrib_C6,contrib_C7,contrib_C8,contrib_C9,contrib_C10,contrib_baseline,contrib_controls,contrib_latent
2025-01-06,Caracas,0.3612601446381506,0.6567054782675129,0.0,0.0,0.0,0.0,0.6927879227894153,0.0,0.0,0.0,7.45089239026797,0.5831585783919483,0.0
2025-01-13,Caracas,0.34613986943343555,0.7424881962633118,0.0,0.0,0.0,0.0,0.6405549179684703,0.0,0.0,0.0,7.434843439679299,0.5791682096034857,0.0
2025-01-20,Caracas,0.3561510310775798,0.6395326480713363,0.0,0.0,0.0,0.0,0.7678853556496109,0.0,0.0,0.0,7.454902868747154,0.5630629281144542,0.0
2025-01-27,Caracas,0.3943786889577157,0.4252031757933033,0.0,0.0,0.0,0.0,0.6878217912646483,0.0,0.0,0.0,7.448803300921209,0.5462429038338097,0.0
2025-02-03,Caracas,0.3769070345976808,0.5013159030448108,0.0,0.0,0.0,0.0,0.7386848104016447,0.0,0.0,0.0,7.444129293360534,0.5232643471469804,0.0
2025-02-10,Caracas,0.4100074692574004,0.29310919016444675,0.0,0.0,0.0,0.0,0.7344063880080683,0.0,0.0,0.0,7.433099370729831,0.4918420490594382,0.0
2025-02-17,Caracas,0.3933481510667117,0.6186808355104423,0.0,0.0,0.0,0.0,0.681300671056181,0.0,0.0,0.0,7.430616365635424,0.4496156629847865,0.0
2025-02-24,Caracas,0.4552931073916179,0.5632274966008577,0.0,0.0,0.0,0.0,0.7705853012996327,0.0,0.0,0.0,7.451595759525514,0.4012793426469185,0.0
2025-03-03,Caracas,0.5215961660516537,0.7200284814610657,0.0,0.0,0.0,0.0,0.7426319705843345,0.0,0.0,0.0,7.442136841965375,0.34693720613032336,0.0
2025-03-10,Caracas,0.44847697118281155,0.3848910167515316,0.0,0.0,0.0,0.0,0.8325065318717251,0.0,0.0,0.0,7.430728424648286,0.30320642867545067,0.0
2025-03-17,Caracas,0.5604395208746402,0.5889405646345801,0.0,0.0,0.0,0.0,0.7639311736699973,0.0,0.0,0.0,7.445105748089314,0.26001590211064834,0.0
2025-03-24,Caracas,0.5437866633368994,0.7106417936192356,0.0,0.0,0.0,0.0,0.7418099166281371,0.0,0.0,0.0,7.444554487492913,0.20766073491011472,0.0
2025-03-31,Caracas,0.4807855821802129,0.40757438548198166,0.0,0.0,0.0,0.0,0.7391023279872952,0.0,0.0,0.0,7.4677409856981525,0.1470922372047188,0.0
2025-04-07,Caracas,0.4019790446375134,0.5417727162313781,0.0,0.0,0.0,0.0,0.665753909279988,0.0,0.0,0.0,7.437114787046807,0.08811393269056561,0.0
2025-04-14,Caracas,0.43570411251200486,0.4097885358014274,0.0,0.0,0.0,0.0,0.6075841225611207,0.0,0.0,0.0,7.45267983197971,0.03149704640634854,0.0
2025-04-21,Caracas,0.4090580266483243,0.8038494035210731,0.0,0.0,0.0,0.0,0.7133754457259863,0.0,0.0,0.0,7.444578111797966,-0.017528045349206045,0.0
2025-04-28,Caracas,0.3369835759016171,0.7125096181067342,0.0,0.0,0.0,0.0,0.830397836674741,0.0,0.0,0.0,7.4555789766758025,-0.07997863409177802,0.0
2025-05-05,Caracas,0.33080723297556835,0.46325960495670243,0.0,0.0,0.0,0.0,0.886803030317983,0.0,0.0,0.0,7.440334356446128,-0.13858744572050763,0.0
2025-05-12,Caracas,0.41880086511481857,0.5938138230279423,0.0,0.0,0.0,0.0,0.8313634779336833,0.0,0.0,0.0,7.462637407376048,-0.19453153433215956,0.0
2025-05-19,Caracas,0.45772914422272626,0.5574509878819245,0.0,0.0,0.0,0.0,0.720664735026739,0.0,0.0,0.0,7.435393694418954,-0.2374297551612867,0.0
2025-05-26,Caracas,0.43759766971597824,0.6589276259312261,0.0,0.0,0.0,0.0,0.7441683473062128,0.0,0.0,0.0,7.464760824756507,-0.28516658103279435,0.0
2025-06-02,Caracas,0.5490201005612881,0.8026869138811111,0.0,0.0,0.0,0.0,0.6890204833995961,0.0,0.0,0.0,7.457987303686336,-0.3311155423571688,0.0
2025-06-09,Caracas,0.4859896931728557,0.5323577122620902,0.0,0.0,0.0,0.0,0.762146617268226,0.0,0.0,0.0,7.439999648735911,-0.36396625966234675,0.0
2025-06-16,Caracas,0.4348601603035399,0.810533911009455,0.0,0.0,0.0,0.0,0.6952608001831095,0.0,0.0,0.0,7.4401881603375335,-0.4009151130251132,0.0
2025-06-23,Caracas,0.42821096276209036,0.7413959551476339,0.0,0.0,0.0,0.0,0.7534200151912352,0.0,0.0,0.0,7.454003110567934,-0.4232595296966582,0.0
2025-06-30,Caracas,0.4376947991412959,0.8345271270811015,0.0,0.0,0.0,0.0,0.7618526641202342,0.0,0.0,0.0,7.44554977948905,-0.4401856425625684,0.0
2025-07-07,Caracas,0.34641178462732225,0.6555224136728793,0.0,0.0,0.0,0.0,0.8054054444299257,0.0,0.0,0.0,7.444674412729459,-0.45360612072482387,0.0
2025-07-14,Caracas,0.4544456760205585,0.6827573761459574,0.0,0.0,0.0,0.0,0.663133915643353,0.0,0.0,0.0,7.4379321752051775,-0.45683997156711753,0.0
2025-07-21,Caracas,0.3575570472214206,0.6999885228988773,0.0,0.0,0.0,0.0,0.6968264280151361,0.0,0.0,0.0,7.448494772985687,-0.45438683537171054,0.0
2025-07-28,Caracas,0.5321196154082114,0.6206313751976766,0.0,0.0,0.0,0.0,0.7674532868284761,0.0,0.0,0.0,7.449862283963097,-0.44369519839377236,0.0
2025-08-04,Caracas,0.4577094096123147,0.7479052898415377,0.0,0.0,0.0,0.0,0.803601249448926,0.0,0.0,0.0,7.466281903647826,-0.4346919480865926,0.0
2025-08-11,Caracas,0.4184415872349416,0.6481888567327706,0.0,0.0,0.0,0.0,0.8833870395973351,0.0,0.0,0.0,7.460001261889336,-0.4313806783480782,0.0
2025-08-18,Caracas,0.4481217657867877,0.5682914112033383,0.0,0.0,0.0,0.0,0.8318348083183474,0.0,0.0,0.0,7.423777008948759,-0.4278443712144956,0.0
2025-08-25,Caracas,0.39226746396549284,0.7691243100816976,0.0,0.0,0.0,0.0,0.7096150542753238,0.0,0.0,0.0,7.4479694150510936,-0.43050660293623005,0.0
2025-09-01,Caracas,0.44948185941148716,0.5560463796517756,0.0,0.0,0.0,0.0,0.8567235077149893,0.0,0.0,0.0,7.454075503406101,-0.44459542171641797,0.0
2025-09-08,Caracas,0.43699673935959193,0.8299437074612405,0.0,0.0,0.0,0.0,0.8480001372036141,0.0,0.0,0.0,7.462620581946791,-0.44980343443552584,0.0
2025-09-15,Caracas,0.5773358161026421,0.7514641576279065,0.0,0.0,0.0,0.0,0.7194233604943072,0.0,0.0,0.0,7.448348081320484,-0.46837582126041666,0.0
2025-09-22,Caracas,0.5208605870089809,0.7031441388966827,0.0,0.0,0.0,0.0,0.7433800165310186,0.0,0.0,0.0,7.471048988939657,-0.4814647972093921,0.0
2025-09-29,Caracas,0.46828204896771275,0.5366384354899794,0.0,0.0,0.0,0.0,0.7878285835727059,0.0,0.0,0.0,7.4417511636231914,-0.5012879590219574,0.0
2025-10-06,Caracas,0.4392296118182681,0.6043395302654848,0.0,0.0,0.0,0.0,0.7149682600699226,0.0,0.0,0.0,7.455294254424726,-0.5228027963647821,0.0
2025-10-13,Caracas,0.4748539310227737,0.49415399580943287,0.0,0.0,0.0,0.0,0.7114192190957004,0.0,0.0,0.0,7.4638581861414295,-0.5503923340015799,0.0
2025-10-20,Caracas,0.416451349108423,0.9474128314054322,0.0,0.0,0.0,0.0,0.6747862250653891,0.0,0.0,0.0,7.463598586523768,-0.5768876507524175,0.0
2025-10-27,Caracas,0.42471080646595777,0.8735737330620013,0.0,0.0,0.0,0.0,0.7072907773539274,0.0,0.0,0.0,7.459882960746376,-0.6058052133153693,0.0
2025-11-03,Caracas,0.4731838081934203,0.698244101759984,0.0,0.0,0.0,0.0,0.6750139527258456,0.0,0.0,0.0,7.448841111905475,-0.6416395406152918,0.0
2025-11-10,Caracas,0.4803490493346714,0.7093590851578827,0.0,0.0,0.0,0.0,0.651917829581291,0.0,0.0,0.0,7.446586010317396,-0.6827421087394069,0.0
2025-11-17,Caracas,0.4478613427366557,0.5762692566668269,0.0,0.0,0.0,0.0,0.6602701003408281,0.0,0.0,0.0,7.446321636772159,-0.7110999183545037,0.0
2025-11-24,Caracas,0.47481771482704743,0.8011115657461879,0.0,0.0,0.0,0.0,0.7470069574243724,0.0,0.0,0.0,7.430970593098096,-0.7333861457502635,0.0
2025-12-01,Caracas,0.5325862294055987,0.4575739966638834,0.0,0.0,0.0,0.0,0.7290535106164528,0.0,0.0,0.0,7.442072436935965,-0.756510623291569,0.0
2025-12-08,Caracas,0.5538208896546868,0.6369228820359,0.0,0.0,0.0,0.0,0.7500366461095473,0.0,0.0,0.0,7.434322573409065,-0.7743213717679661,0.0
2025-12-15,Caracas,0.48511879621650905,0.750046512546477,0.0,0.0,0.0,0.0,0.7239528914376732,0.0,0.0,0.0,7.453125273255804,-0.7953554516737789,0.0
2025-12-22,Caracas,0.5321894478355808,0.3524773881604009,0.0,0.0,0.0,0.0,0.6595381283516817,0.0,0.0,0.0,7.449041833217213,-0.802762631137797,0.0
2025-12-29,Caracas,0.4663185419986914,0.3696239898824385,0.0,0.0,0.0,0.0,0.7569244734921978,0.0,0.0,0.0,7.453693254592095,-0.8019298702337812,0.0
2026-01-05,Caracas,0.46098843284175517,0.40292840577330935,0.0,0.0,0.0,0.0,0.7995626654706977,0.0,0.0,0.0,7.438726775434712,-0.799612831245922,0.0
2026-01-12,Caracas,0.4538814302592254,0.44812004135538,0.0,0.0,0.0,0.0,0.7351327604652576,0.0,0.0,0.0,7.478716542948348,-0.7773782466605206,0.0
2026-01-19,Caracas,0.5835987374142297,0.5067546368128728,0.0,0.0,0.0,0.0,0.8382384839582558,0.0,0.0,0.0,7.436664113318085,-0.7477870093470742,0.0
2026-01-26,Caracas,0.6049093884006107,0.6857823378763063,0.0,0.0,0.0,0.0,0.9229128055091338,0.0,0.0,0.0,7.431862105849337,-0.7012827200280214,0.0
2026-02-02,Caracas,0.5402253469224728,0.7439754222282353,0.0,0.0,0.0,0.0,0.8539759352328415,0.0,0.0,0.0,7.44222683868794,-0.6550261930797654,0.0
2026-02-09,Caracas,0.5654574244066579,0.6386488889203709,0.0,0.0,0.0,0.0,0.8090900486265591,0.0,0.0,0.0,7.454463903281687,-0.6013271121569708,0.0
2026-02-16,Caracas,0.5015941932694674,0.5135676309558149,0.0,0.0,0.0,0.0,0.7791955317392683,0.0,0.0,0.0,7.454641072662738,-0.5598487828578944,0.0
2026-02-23,Caracas,0.5935816461896919,0.7213426080581872,0.0,0.0,0.0,0.0,0.6933943893418474,0.0,0.0,0.0,7.432651684615831,-0.5104507865553864,0.0
2026-03-02,Caracas,0.530170136464564,0.6854040563896875,0.0,0.0,0.0,0.0,0.6615302094849733,0.0,0.0,0.0,7.43258626874422,-0.46070504768389486,0.0
2026-03-09,Caracas,0.48467983807801485,0.5694369668122337,0.0,0.0,0.0,0.0,0.7151189241888438,0.0,0.0,0.0,7.4426596218268,-0.41419252425333386,0.0
2026-03-16,Caracas,0.48359524762030737,0.773733664003585,0.0,0.0,0.0,0.0,0.7179180592185587,0.0,0.0,0.0,7.455243776136838,-0.37983790804079787,0.0
2026-03-23,Caracas,0.38326629287049496,0.6017108110618142,0.0,0.0,0.0,0.0,0.7103192135355757,0.0,0.0,0.0,7.443710516236019,-0.34142481873610864,0.0
2026-03-30,Caracas,0.4712347774567282,0.8320192730257048,0.0,0.0,0.0,0.0,0.7083535285014975,0.0,0.0,0.0,7.445297529314964,-0.2957738086953614,0.0
2026-04-06,Caracas,0.4413937486138265,0.6968614284579179,0.0,0.0,0.0,0.0,0.8391111584062172,0.0,0.0,0.0,7.442716740278561,-0.23813967478238118,0.0
2026-04-13,Caracas,0.3813505476569691,0.7769866004721517,0.0,0.0,0.0,0.0,0.7455300406456269,0.0,0.0,0.0,7.4541808302735575,-0.18882269845040706,0.0
2026-04-20,Caracas,0.5512935892023463,0.7098781210997166,0.0,0.0,0.0,0.0,0.6401307452896156,0.0,0.0,0.0,7.434583766503123,-0.1463567005639168,0.0
2026-04-27,Caracas,0.5534184852557232,0.6528260242218524,0.0,0.0,0.0,0.0,0.660249211402725,0.0,0.0,0.0,7.4622195261006325,-0.10015759644589643,0.0
2026-05-04,Caracas,0.516793814048793,0.6156597321332972,0.0,0.0,0.0,0.0,0.7024339872236975,0.0,0.0,0.0,7.450215672735179,-0.06389914812872582,0.0
2026-05-11,Caracas,0.46876274613949964,0.8251659314015206,0.0,0.0,0.0,0.0,0.69128218371287,0.0,0.0,0.0,7.451858583689363,-0.03872897413660158,0.0
2026-05-18,Caracas,0.42828813105762037,0.7574047419241132,0.0,0.0,0.0,0.0,0.832522753391262,0.0,0.0,0.0,7.443323761120026,-0.010103062066654338,0.0
2026-05-25,Caracas,0.4194340822483833,0.5355951730013293,0.0,0.0,0.0,0.0,0.7388871915526549,0.0,0.0,0.0,7.443811617928466,0.0023751912345024787,0.0
2026-06-01,Caracas,0.4313279889190216,0.6498165445739309,0.0,0.0,0.0,0.0,0.7884068682451084,0.0,0.0,0.0,7.448931138085367,0.017614709075736534,0.0
2026-06-08,Caracas,0.5293309282120219,0.7402841922082601,0.0,0.0,0.0,0.0,0.7069593217850791,0.0,0.0,0.0,7.451386759185556,0.03127426499447754,0.0
2026-06-15,Caracas,0.6001993496744882,0.6814853183591055,0.0,0.0,0.0,0.0,0.7056413327288589,0.0,0.0,0.0,7.439975391727945,0.05697458045506826,0.0
2026-06-22,Caracas,0.507708312487501,0.33973943529304856,0.0,0.0,0.0,0.0,0.8299821128352965,0.0,0.0,0.0,7.454960799670086,0.07294397730116263,0.0
2026-06-29,Caracas,0.437050993601224,0.65076163734736,0.0,0.0,0.0,0.0,0.7852325135296319,0.0,0.0,0.0,7.436499723275925,0.08683469614466582,0.0
2026-07-06,Caracas,0.3814330010862031,0.7891656711981253,0.0,0.0,0.0,0.0,0.7690704749306831,0.0,0.0,0.0,7.4504565462093,0.09855453791384641,0.0
2026-07-13,Caracas,0.4016525546367482,0.8270156396740627,0.0,0.0,0.0,0.0,0.671814351400238,0.0,0.0,0.0,7.445534175984978,0.12732870303011207,0.0
2026-07-20,Caracas,0.45980817433093457,0.7055452291663526,0.0,0.0,0.0,0.0,0.7220604099799678,0.0,0.0,0.0,7.439335629857709,0.1454676681850291,0.0
2026-07-27,Caracas,0.4404548422094635,0.7178004492514255,0.0,0.0,0.0,0.0,0.7511133432786818,0.0,0.0,0.0,7.459924122942556,0.14812607085740168,0.0
2026-08-03,Caracas,0.5366602067956517,0.7085768177224978,0.0,0.0,0.0,0.0,0.7107978731047165,0.0,0.0,0.0,7.441700570922745,0.14134641596830627,0.0
2026-08-10,Caracas,0.6162090507343657,0.7532675985394336,0.0,0.0,0.0,0.0,0.7071593909996622,0.0,0.0,0.0,7.428262772059342,0.13724769458281336,0.0
2026-08-17,Caracas,0.5368141291940407,0.7489151150405217,0.0,0.0,0.0,0.0,0.6212291170452867,0.0,0.0,0.0,7.4569422731121655,0.1383397419676739,0.0
2026-08-24,Caracas,0.588939760289637,0.6571847552022442,0.0,0.0,0.0,0.0,0.8419511161752022,0.0,0.0,0.0,7.442486035831317,0.1504258030089683,0.0
2026-08-31,Caracas,0.5341197846493015,0.5376053908443447,0.0,0.0,0.0,0.0,0.6527543993028752,0.0,0.0,0.0,7.452448897469507,0.17846401306382526,0.0
2026-09-07,Caracas,0.5246028909925851,0.5437870323329208,0.0,0.0,0.0,0.0,0.6910673068287144,0.0,0.0,0.0,7.444170933686686,0.19978046464558197,0.0
2026-09-14,Caracas,0.5005125420338281,0.7355697283554021,0.0,0.0,0.0,0.0,0.5832844000028181,0.0,0.0,0.0,7.453582305521431,0.22798191203606677,0.0
2026-09-21,Caracas,0.41180392669800303,0.8244910296418523,0.0,0.0,0.0,0.0,0.5919731049093003,0.0,0.0,0.0,7.4483291452288904,0.2457017729414153,0.0
2026-09-28,Caracas,0.40337712164036,0.5280270405633111,0.0,0.0,0.0,0.0,0.7076117673275224,0.0,0.0,0.0,7.440805360516398,0.2620782546903271,0.0
2026-10-05,Caracas,0.47620556823592003,0.5953401423976222,0.0,0.0,0.0,0.0,0.6760282399338862,0.0,0.0,0.0,7.435800002605046,0.2864344266484349,0.0
2026-10-12,Caracas,0.5792051117011596,0.7346087361580261,0.0,0.0,0.0,0.0,0.8121662506253094,0.0,0.0,0.0,7.466967213367448,0.3091852303494898,0.0
2026-10-19,Caracas,0.4767619856392207,0.6138969054774203,0.0,0.0,0.0,0.0,0.7209542409634255,0.0,0.0,0.0,7.457015678466262,0.34840085290342204,0.0
2026-10-26,Caracas,0.44096558627225557,0.5754645370373148,0.0,0.0,0.0,0.0,0.7150460165207896,0.0,0.0,0.0,7.430015937883901,0.38952319324382906,0.0
2026-11-02,Caracas,0.3889451320221234,0.7381342588639616,0.0,0.0,0.0,0.0,0.7040290497254176,0.0,0.0,0.0,7.448608638326293,0.41832292974502444,0.0
2026-11-09,Caracas,0.554154538692298,0.9002314360898074,0.0,0.0,0.0,0.0,0.6805383251213537,0.0,0.0,0.0,7.4464371839580705,0.43850173567121653,0.0
2026-11-16,Caracas,0.4662660432499843,0.7318542450918462,0.0,0.0,0.0,0.0,0.7695392424817764,0.0,0.0,0.0,7.431963237365847,0.46503263083991264,0.0
2026-11-23,Caracas,0.5482977889969529,0.8820641777276355,0.0,0.0,0.0,0.0,0.6472803472742387,0.0,0.0,0.0,7.449674106206098,0.49121904279291356,0.0
2026-11-30,Caracas,0.5188646642510893,0.8073855900143443,0.0,0.0,0.0,0.0,0.7096701489654178,0.0,0.0,0.0,7.440532059512558,0.5205406208014186,0.0
2026-12-07,Caracas,0.4968913861936951,0.5394853505662669,0.0,0.0,0.0,0.0,0.6027251842133221,0.0,0.0,0.0,7.461218518250992,0.5435738741730871,0.0
2026-12-14,Caracas,0.4641675004614416,0.5286482785996632,0.0,0.0,0.0,0.0,0.5707757348768612,0.0,0.0,0.0,7.444520126230955,0.5639963266344196,0.0
2026-12-21,Caracas,0.42187335438763285,0.5782084994543836,0.0,0.0,0.0,0.0,0.7860923446428604,0.0,0.0,0.0,7.429553025856284,0.5718317026579957,0.0
2026-12-28,Caracas,0.44295883484672344,0.5609156536388078,0.0,0.0,0.0,0.0,0.76171896018241,0.0,0.0,0.0,7.455590901408452,0.575501095549253,0.0
