date,city,C1,C2,C3,C4,C5,C6,C7,C8,C9,C10,Z1,Z2,Y
2025-01-06,Caracas,0.9684071307405908,3.586628858161017,3.742431762797568,2.949773812083744,2.640078713091099,3.3784666129596275,1.1402051869870344,4.879382191031081,0.7450179506091988,1.214963885999355,3.01667685989932,-2.0066621220380823,9.85647956950503
2025-01-06,Valencia,2.099747370379691,1.250990348269445,2.850015963486878,2.451254478902668,5.539486685007685,8.684320024903952,2.4503725452288707,1.236310018249524,2.1781961705192945,2.792688201512174,0.7460522158166536,0.9361441042746927,9.261693776549825
2025-01-13,Caracas,0.8315533140414532,4.05793061960304,3.852337552195208,2.761376020514552,1.76047550624451,3.774079459108112,0.948902684536396,2.1420953147117485,0.9181279104474356,1.132172349129632,2.9744299957984777,-1.958971280916289,9.855263519410137
2025-01-13,Valencia,2.185491859845071,3.2776859088015904,3.2290864987470163,0.8321077692164326,3.668459250079216,9.025535713175318,2.7449872048965895,1.3330861656060176,2.423057442137889,1.4053664675463224,0.7054199879363847,0.9393055366103236,9.213668335954708
2025-01-20,Caracas,0.9392268070235452,2.596819111572177,3.6341931571387818,1.784736092292862,3.039987643764418,4.139460848652802,1.5561431474668517,2.4066675377764417,0.0759956981610445,1.0957811217061488,2.905485216927465,-1.926136978884361,9.89310856156074
2025-01-20,Valencia,1.760330546339281,3.491558711260576,3.057375304056021,2.2353102978778066,5.174341535918609,9.472480170232089,1.6203355308070373,1.3253377562284592,5.3212449097703525,1.9554521600622683,0.6995434487479861,0.9504192638737858,9.200950117719243
2025-01-27,Caracas,1.2582055278657212,1.1102460654984,3.62012598994434,2.175301471417785,2.103629321177474,4.752661956998872,1.0414066735273588,2.230355063511211,8.653948597093128,1.2678994684347915,2.835028326300346,-1.8942781694747697,9.612631606411714
2025-01-27,Valencia,2.353721818760083,1.5578871510258558,3.018651092794709,2.5099957986827492,5.543390661329262,8.096924122727703,1.6362771652727817,1.2549903756590526,3.488203941016268,4.69188326787103,0.6893010434583833,0.9627143752902894,9.291282925147696
2025-02-03,Caracas,0.951981546120894,2.0284398023852055,4.1082372913322285,2.215746360032397,2.388500530358883,3.7172987121841063,1.3650114103419104,0.9269565172919124,1.3308076119318644,1.2103968107277985,2.7582472549215797,-1.8813637743596408,9.69720744462392
2025-02-03,Valencia,2.13444782187639,1.7317265994700717,3.5172514268662276,4.073282402931099,4.885426110924091,9.097102688695196,1.8466043889897048,1.4029304501384057,2.6502509474932463,8.141616144761294,0.7000318051206369,0.9810104208704242,9.485027815933874
2025-02-10,Caracas,1.3222094244973202,0.6382495566063133,7.982280845308405,2.616001781335501,2.1817755470646603,3.5541076662821305,1.2826861629869233,0.8044703513761738,1.2364577979253466,1.1229603536342665,2.655993366244971,-1.8680128006883263,9.47111236276147
2025-02-10,Valencia,1.8350282710620385,0.9267441375222089,2.5346335767194184,1.634850527044308,6.020431573089791,17.09357811066986,1.5491896254143724,1.946410191044128,3.5563308988407183,2.129028721729353,0.6640994052545355,1.0119009114571145,9.410484863509534
2025-02-17,Caracas,1.0307216518303812,3.2009711590191756,2.9100081976464014,2.9761316291051294,2.0447978164917076,2.937465329233343,1.0602453249878092,1.9205919491291656,1.3400845010333962,1.1962417297575054,2.5178260717285097,-1.8488846336922329,9.680115966533656
2025-02-17,Valencia,2.5652220508219488,1.5350875408197815,2.6098762429080193,8.236173249719158,3.094701075385123,9.146519723641545,1.4829915802794944,1.4059466533725782,6.068080471864016,2.2377299208967463,0.694157044846621,1.0354361153540583,9.362071224450606
2025-02-24,Caracas,1.781072489945725,2.185175580348263,2.812128311616134,3.011480785041424,1.4442075185136345,3.4820789483145784,1.528112121471895,1.271382192255052,1.4115008783231655,1.0950068548992813,2.3616711486048154,-1.8301394615740432,9.747500470709337
2025-02-24,Valencia,2.01367184207109,1.8456544211784744,2.63672560681237,0.9588835536402656,7.945464354781218,7.839351751642107,1.7164548795899015,1.4320696036296794,3.249860500069643,2.555620494740789,0.6405821220329504,1.0500900513410292,9.290347419881716
2025-03-03,Caracas,2.48666993093013,3.958012064088461,2.152674071536795,3.2528828707811095,3.260642548293598,4.507924475896387,1.280975854649354,2.657061745737537,0.5488811864253967,1.3752000019455517,2.1929239855794216,-1.8197698173846215,9.890268328560145
2025-03-03,Valencia,1.928157780096993,1.6848426793137523,4.823831966236271,3.612454371351717,4.2142434480019935,8.2995316556139,1.658034955006164,1.674456004427063,2.56511208715106,2.83662208242763,0.5069344015226566,1.068661237129538,9.329206084006376
2025-03-10,Caracas,0.9567125641344452,0.6578677676928258,3.261250783244343,4.002806762139828,4.132721724625596,3.3572029923367483,1.800662857062348,2.5876961944786196,1.036962048572462,1.691726661332951,2.059513696197007,-1.8151750824759572,9.510870179370524
2025-03-10,Valencia,1.4703789085821908,1.126685886767617,2.407958481609498,1.06486088327943,5.275825668589643,9.217170923674178,1.692194927574154,1.3765544734295692,3.2674860358458595,9.284465902749805,0.3980062573666122,1.0787049945307514,9.370309726890767
2025-03-17,Caracas,3.3522124651601226,2.8099246376116045,6.743894792330899,7.469831243898225,3.627344570488374,3.5677067989422913,1.2891415263208754,1.32989118043651,0.4502164940615781,1.2507541895966348,1.94009494194014,-1.830039362614716,9.723942551523836
2025-03-17,Valencia,1.4349093720725274,3.7458036037165656,2.1814124998433364,2.0021458745280123,0.8059575645101715,6.766376732053383,1.6552222027378418,1.292071017464159,3.510593259797732,3.4646832498376208,0.2456895568908924,1.0844740955575527,9.25621883694912
2025-03-24,Caracas,2.1497528831449775,3.788350958522414,1.824525208945366,4.045945715487414,2.6249059353300677,3.4434060603212044,1.2871790613794147,5.431387107845057,0.2998059827725083,1.395565334826839,1.797816220138668,-1.851955355588171,9.748342338046802
2025-03-24,Valencia,2.4261301471523486,1.8022339903601223,1.9381535721369887,7.913066849289107,2.4309582495158435,8.14088603380704,1.7586332762641843,0.6955738221025691,3.857839236667768,1.899220000509649,0.2382444258779288,1.0926991307416578,9.155272923641725
2025-03-31,Caracas,1.232609883836527,0.8289730745314654,2.92398490589116,8.08796788293513,2.1521585038951683,3.3971930670839243,1.3024680712699848,1.7751251800108336,0.7619138213578618,1.2562845119480648,1.6266409357179556,-1.8669723793961777,9.341815852722261
2025-03-31,Valencia,1.1752528796224635,1.862053071386298,2.53197711997715,5.664745670560917,2.835383738430922,7.891729666503765,2.8369399356637843,0.8495189127519356,3.4312485201335052,1.2065216567090675,0.2270443971168965,1.0967615340441064,9.00262180918741
2025-04-07,Caracas,0.7365217597354491,2.364123341749719,6.086974519327022,3.454917832329991,2.8340379561045808,3.2356183390786493,0.9933459106640544,0.8447659021033147,0.2175064880195864,1.255319291545966,1.4584828388464546,-1.8792735947905068,9.234968362088111
2025-04-07,Valencia,2.142343353421074,1.6860455329357489,2.401745824453356,15.38787091373506,5.917518732758284,8.376097451304192,1.3315083287476597,1.6187216215011715,6.085133537399526,4.266139940224105,0.2221046533253641,1.1000231933483358,9.028204409064006
2025-04-14,Caracas,1.591353913353497,1.2160186821744272,2.5093028562029525,7.245081946849065,4.007993355139256,3.1577774164544734,0.8624857023771574,2.156194701109643,9.40815590370268,1.258702315082746,1.295212186122988,-1.888181550530346,9.038830674686668
2025-04-14,Valencia,1.851137817833472,1.9554380802271796,2.4984858533117618,12.12513148511084,1.0116157810751354,8.055819200446601,1.5488561101885163,1.651234629560008,3.863322229118374,2.9515605082363985,0.2961586435254658,1.0851650174379697,9.055477070669502
2025-04-21,Caracas,1.106669479587345,5.440951314225943,2.263766742728256,3.4658265725695,2.7502432944524817,2.852331867144897,1.3333484409658014,1.6901088619788678,0.3733729557690994,1.2138359549797375,1.1707843422666269,-1.92253790707556,9.454285294125773
2025-04-21,Valencia,2.319717226336225,4.19052910070972,2.300594717599841,8.27921366138408,4.113512421005268,6.9417773972840475,1.4485267254498193,1.417717456471733,3.969130834994529,2.0606030035217486,0.3040060218978094,1.079816426388942,9.071486249758722
2025-04-28,Caracas,0.5848994294060346,3.2267756832352856,2.2470832888526915,8.750905496968258,2.7428133512630475,2.7459096983979254,1.824548652964788,1.3231240640788566,1.581463192454726,1.8927493122933612,1.006184836559236,-1.956718764213618,9.352912542559382
2025-04-28,Valencia,2.005388856914811,1.5918842001012994,1.9850906142476563,3.188504631149152,7.205881234666129,7.062354153738452,1.6707013566546147,0.9706775746504912,3.3038601194710413,1.779887777199021,0.3032659242779635,1.077974546302257,8.966424465541518
2025-05-05,Caracas,0.7922745957344708,1.1848522219105189,2.661730616191584,4.6568931398264395,2.9158128525941045,3.0521913519514023,2.028777391706172,1.923343433017456,1.9349913648377344,1.249244900772888,0.8188123953602766,-1.937084409925163,9.083513744853711
2025-05-05,Valencia,1.8305858881076464,1.723541418526629,2.6203530545957454,6.815790272626811,1.3672070607761793,15.59649633220764,1.395371532352981,1.6802527448793492,5.731883945786665,1.6204852087456636,0.2540860161915015,1.061735652674884,8.951850758002058
2025-05-12,Caracas,1.5997282864076523,2.7406793337787265,2.7871876225522056,3.108125683593782,2.0502445954549184,3.091170854753153,1.562001051754815,2.772658805263555,1.4608770791974557,1.156141185498042,0.6292945289351625,-1.9015794212898625,9.21489291426196
2025-05-12,Valencia,2.430847634529701,3.6699820095185185,2.644552691781822,7.667735746835294,3.1588125760271475,7.173921165016129,1.6357835036882729,1.0283706827073844,3.446307389621804,5.138833313229128,0.2283148057232383,1.0479278996614745,9.120655244418845
2025-05-19,Caracas,1.6956151129587438,2.1975710444064545,7.789242538626838,4.801075739843008,4.329074657977352,3.7889579485662814,1.0871221628563563,2.058676627512276,0.8822996981728958,1.1267638033164216,0.4732733893457296,-1.8575383363374744,9.03975207005794
2025-05-19,Valencia,2.0777693648976165,1.603989160042832,2.9246624530353884,4.907052828762069,3.3309281042635432,5.611620023588534,1.5638072283134905,1.3398272924951613,5.626084071162152,3.891023098715496,0.1872040639781677,1.018693045463104,9.120265245499162
2025-05-26,Caracas,1.2344290483901224,3.2439392570782792,2.569764375770167,4.366334005863448,2.9950573841647223,2.554078219319962,1.356100131090435,2.047945493908577,0.0633013031845153,1.127324233020669,0.2945892540573556,-1.8005682655095336,9.12593578627973
2025-05-26,Valencia,2.2620172307361353,1.9715534850406868,2.603164660023908,3.1339567296227697,2.714726176362998,5.719234156498907,2.827472737931729,1.879931255589157,3.5274155443236586,7.448698476327199,0.1501184233274688,0.9907912267375404,9.224140290077207
2025-06-02,Caracas,3.13333572174154,4.966225976761703,2.0290900400055443,5.051476267406214,3.990374716052343,2.5458902698025465,1.0821065947045263,6.396855369711822,1.4935237624538795,1.295665953499502,0.1221242611397475,-1.7449883247778593,9.27018339082608
2025-06-02,Valencia,2.3475403012909495,3.972150016035157,2.266083728743141,4.894119144820059,1.17468648522392,15.057264389324436,1.6703968549201835,1.142298169363028,3.070024807921904,3.0326241890953924,0.158586776257055,0.9629877298464842,9.23814619815484
2025-06-09,Caracas,1.22430093987319,1.4154818982819797,1.058121371574915,3.722808244975323,6.906300729126836,2.8875009050956972,1.4796910650129738,5.129400752340815,0.9224386343037392,1.1772413904781427,-0.016111980269639,-1.6817772797533912,8.958144133195873
2025-06-09,Valencia,1.4505460917988262,1.8115415688643688,2.3818474433545647,7.538258359959978,0.8234393842784511,6.5939797115709595,1.7504234176003932,1.3260636573681026,2.711616860796179,6.124488290174597,0.1470621248937921,0.952386136891532,9.180438679749946
2025-06-16,Caracas,1.0736456660968077,5.360704262075983,1.3961690522256989,3.6906283413326175,3.1276447783932246,2.282586590576606,1.079060640121706,3.0672965457526615,1.9650103743385448,1.1946786085325625,-0.1641682460827347,-1.6223517865598498,9.077635069761175
2025-06-16,Valencia,2.3756099104115864,1.5013587801977035,2.009400977867979,5.467949025466629,7.24636708340847,5.302368224067385,1.7218212154246408,1.341347178149689,2.7886413890719184,0.8251689158943469,-0.0226801248974304,0.9328586349106116,8.951410716619606
2025-06-23,Caracas,1.2755066693451642,3.5893233114212397,2.576099150097774,7.9080430260129075,4.463727060232357,2.8003693717573044,1.4283153374638733,3.837257917139379,0.7119465025627959,1.1853839299498723,-0.2826861781727592,-1.540857975405315,9.048015273938262
2025-06-23,Valencia,2.0609712766572748,1.5473094952289173,1.86835095230224,16.949266556757628,1.329566074105991,5.77507417450251,1.6014997780326456,0.9864859531975004,2.444258417568157,2.4952474725957585,-0.274404019090275,0.9141409825566216,8.762442996257283
2025-06-30,Caracas,1.4868040670386815,5.312369375231338,1.0412500960532165,3.416544267013722,3.3057368737958734,2.1338287568561105,1.396387460208526,1.4476990013583584,0.515400526720807,1.6975445123759916,-0.390928892626008,-1.4501021641864442,9.131965473293548
2025-06-30,Valencia,1.9186796041558736,1.634714228735218,1.872619889019174,15.808153664813892,6.575806175763191,4.319570886633084,1.5086001156396924,1.9465836050965264,1.65527108256782,0.7423181769647834,-0.5055993375170802,0.8986869859823264,8.519625264602864
2025-07-07,Caracas,0.5190706195126262,2.44170433978763,2.867412563735064,3.5132224281896973,4.310500363818605,2.4099893730425856,1.6179126942132898,4.385145887651154,1.6217506049710384,1.3202056275556189,-0.493722629973261,-1.351469058384037,8.893489690237425
2025-07-07,Valencia,2.155800047761031,3.8950414765575663,2.2403535485665356,17.684265807996816,7.798394403044071,6.385390859899899,1.4948462070603896,0.9438910116794424,4.909252732130923,9.469000857517122,-0.8280379737723833,0.8765933127949165,8.674578890477362
2025-07-14,Caracas,1.9365389989276185,3.311987295997366,2.7965144505294535,3.5443127632196294,2.6191127643370717,2.3762469178318426,0.886016434172991,3.445636988366413,2.844911695603213,1.3841025908064175,-0.5713747835925814,-1.2445772522243483,8.873099828348805
2025-07-14,Valencia,2.762303812757531,1.7277574125798358,1.715178690395181,12.057806205967132,4.721343225200241,5.829867429793652,1.377566974235104,1.9708957515396104,2.5229069415206835,2.068107865795666,-1.0602699795832748,0.8621597771682303,8.523691336581958
2025-07-21,Caracas,0.5183096866199777,3.446865662561326,2.390692718110039,2.328117382373852,3.4256345047291754,2.363040397176141,1.206977979398894,1.6494398726553876,1.172854318328922,1.3891752300952762,-0.6333982720046861,-1.1355781963826683,8.83003558892971
2025-07-21,Valencia,2.3373669757847635,2.1359405162520795,1.0432196509205558,7.458239954006489,0.4943354890002888,6.604126995310151,1.6267648455817636,0.8778840979158239,5.3400621060959566,3.7712687382403023,-1.249294048552133,0.8413891183935358,8.381759060955165
2025-07-28,Caracas,3.139623255090345,2.531050824823626,2.7763484473358577,2.6039515356158134,5.222763082628125,2.8379971694569623,1.4965351842966486,1.3650321411135873,1.9837663054894537,1.3668406946533262,-0.6662526493005242,-1.033788466215215,9.012243576688542
2025-07-28,Valencia,1.960131584614828,1.1509689298383408,1.8581310862892093,9.658943031216442,5.0526172094961455,4.7509415065814435,1.66685120293705,2.130046208864712,2.128617500501426,1.300780094352784,-1.3553444923196494,0.8291824428598207,8.30309741391536
2025-08-04,Caracas,0.9511974680242788,4.218662778868271,2.078173548410538,2.632013974113814,2.51987678970704,2.2363548470202814,1.6008785728490873,2.683490893559863,1.553755561958548,1.0962355496663807,-0.6806653692648259,-0.9689057182565856,9.125890499560013
2025-08-04,Valencia,3.229308296376267,1.5884327586706923,1.6417190518002938,8.55046892008816,0.7384747094373875,5.687438616244838,1.7476552647517882,1.036251186472262,2.12122426039253,8.073284169849348,-1.4106516675235965,0.8336878641966845,8.39122512860822
2025-08-11,Caracas,1.0771090569945785,2.672515538133024,2.4093887399402516,6.140043248096909,5.086741301207194,4.299756904343555,2.046343867140763,2.356512435192522,0.8335845620531264,1.3008059383445876,-0.7293265232394872,-0.87688569438803,9.080476961492963
2025-08-11,Valencia,3.1338431875200947,3.9469894361452176,3.3318770588216964,5.232345234397851,4.105420282455269,5.129625844772309,1.6234382492167072,1.7790480128784782,2.2963050419084055,0.8426510509956442,-1.4130269491243834,0.8464643288456539,8.44252806477846
2025-08-18,Caracas,1.555609540236321,2.1683658408560933,3.1355045998227835,6.543334171824107,3.8598553697254374,3.54089880357304,1.573404546466017,1.1506533078552634,3.032213644028672,1.1555482063906044,-0.7595732380368267,-0.8127553765225523,8.941372073512978
2025-08-18,Valencia,3.1222707806641337,1.613641812277239,1.7470212416438209,15.753376370504771,4.424738889069748,7.377789045125116,1.598186941257749,1.1025891682896236,2.5625909812612115,3.3097167169357244,-1.2736782649612228,0.870596824211869,8.44243945907389
2025-08-25,Caracas,0.9196344883749296,4.633232856947464,2.6435398956932006,2.785193741566313,3.3729155946246983,2.4709787820451017,1.038303196214529,2.8318631835056975,2.7661162588266905,1.1913385650578203,-0.7860671881433154,-0.7835968116546266,8.977959027325282
2025-08-25,Valencia,2.2483526141120165,3.877307414556211,1.36879299084407,3.5585384670675815,1.200491920317619,5.833344327484891,1.5907715372324844,1.0311301148010508,2.477987720098498,1.1943750371848936,-1.1880631027466904,0.8946108914341777,8.357176862143522
2025-09-01,Caracas,1.7018725813888895,1.7306736767428,3.2236313043758313,5.844848033308529,5.045735839386151,2.5896984430620247,1.9958782049865689,5.089861793303264,1.0064918765841842,1.2091047518063909,-0.8406404937847345,-0.7638948945659821,8.96138527166391
2025-09-01,Valencia,2.582785914940531,1.596704660622027,1.796972981917866,15.593934254914624,3.531320634058077,13.993229432318438,1.4394809403330575,0.9653916810409484,2.97601339010271,1.6521806598985027,-1.082555594991291,0.933581552133478,8.375683692890949
2025-09-08,Caracas,1.2917685929236302,5.661404741752033,2.9626097979547645,1.9126352996159148,2.6352049025742925,2.0600509123136588,1.7278366145669473,0.6418058202501336,1.902781724645054,1.424922514202192,-0.8759171512809956,-0.7328714357679045,9.21194816683928
2025-09-08,Valencia,2.005226974007429,3.1572130508163063,1.496247111394561,6.212556635371311,5.549823980996986,5.340198713145441,1.491076524714445,1.9196672353539932,2.79897904656195,7.315523838118256,-0.8725784303606716,0.9505166369410248,8.63221857030856
2025-09-15,Caracas,3.870516215838736,3.652805372657294,3.008395379311898,6.521516908698145,3.409584155364936,1.9492678103565375,1.0547302034059007,1.8238941395569628,4.548900139903457,1.196808166747859,-0.93953955123739,-0.7199746596891548,9.115538681490111
2025-09-15,Valencia,2.1796487555561854,1.0598388527730165,1.855636234114176,8.846203707375343,7.83181062289456,5.013433732928419,1.673347243488141,1.648091711772212,2.31854862188763,1.154292243585063,-0.7554022299185204,0.9642713131799852,8.569294256582895
2025-09-22,Caracas,1.4653160878860736,3.294698008110003,2.9036428753188046,7.125052184146423,5.489630414881052,2.2710705365787587,1.3495021472321052,1.9577593470658017,2.552181690669173,1.3477951620570745,-0.985836806426586,-0.7085921165064186,9.044280321592206
2025-09-22,Valencia,2.879934400131563,1.3387421404169937,1.669759940108885,5.92813751816683,3.440345696694324,5.501677579614699,1.5097174512005442,1.6410585332354075,5.669020676820606,1.7757065803595191,-0.7125926317599636,0.9666239709208988,8.557305827547484
2025-09-29,Caracas,1.2303360990007484,1.7597980877443635,2.816989822079968,2.051364523476757,5.116084377167345,2.329687810795402,1.5489457192508975,1.8586219738985423,4.163497409002428,1.1433645576390588,-1.042230506463981,-0.712924435796405,8.817331021781973
2025-09-29,Valencia,1.8029940606366883,1.8438675425031656,1.4527708512276285,3.43226796866244,3.790942477561616,6.142112791384626,1.6464939865346184,1.4022357148090137,2.619488685982054,2.4897454934514176,-0.7653460641921115,0.983296993948766,8.423600228971331
2025-10-06,Caracas,1.219097268134879,2.729514942293681,3.5185798455429613,2.5927157199894437,5.402558910118641,1.982230699877448,1.1315361389856895,1.1074945559080835,6.5505402005142725,1.1744630002725365,-1.1018387075613272,-0.7201383918326463,8.775188041458557
2025-10-06,Valencia,1.986886263548012,1.56051862927029,1.572849464861777,6.5088747491389105,7.89895493862274,5.811866080343301,1.4490936848505769,1.1010861264386116,5.574496898957809,2.4573342804201523,-0.8279631089675743,0.9925533268347336,8.374863132033763
2025-10-13,Caracas,1.930616568462248,1.6690131283345595,3.66618857144285,2.430217503200151,6.519217580961028,2.402320706633734,1.2089661430720045,2.1281833313808978,13.84901886766365,1.1817589874435042,-1.1582158901207409,-0.7609231437997387,8.684559288347264
2025-10-13,Valencia,3.971963307616551,1.2998817764577308,2.1639649740354394,3.8143790406318834,3.6423544672279182,4.470826974814853,1.715923260079406,1.5894575027835167,5.662511079162478,0.7726705972119183,-0.8252944121340333,0.9944611708805496,8.347057148137765
2025-10-20,Caracas,0.9373619317695484,8.443175595015965,3.3878688258245577,2.564944432126631,2.7140506972038265,2.15034620827782,1.061071124382556,1.787168969242814,4.37295943911516,1.3293454308285624,-1.221997392272144,-0.7849370306599381,9.01950626067363
2025-10-20,Valencia,2.174049920206402,1.3386477714470784,2.1717579021288476,5.077627148037985,7.055766230923567,6.159665296929258,1.7187529586049854,0.8683840445528679,3.2872429390494293,3.073209055936073,-0.8476543764106013,0.9964147152076368,8.535659273866747
2025-10-27,Caracas,1.3252657894149906,5.18840397682093,2.927309110360123,1.4338398234162275,3.4148712287107075,3.4249179960692007,1.2399290287318585,3.3358956087571787,11.854020259517933,1.0457059544237783,-1.285751616068413,-0.8203548042946796,8.951509694362468
2025-10-27,Valencia,2.148540364347834,3.552086635299418,1.7320016430709595,3.6072608999664864,3.4828811631116494,5.014523350312029,1.833646088284218,0.6346735532678969,3.5836073758518037,2.1485357797018767,-0.7428038757891395,0.9969703134181273,8.489715237968275
2025-11-03,Caracas,1.8774798270812416,2.7666223984110205,2.801364056153256,0.6024876897671373,3.3819041152300415,2.401710463381591,1.065696490561198,4.261227556403641,2.78883999855691,1.2391564547990053,-1.3639351667303108,-0.865533037901067,8.740807548486323
2025-11-03,Valencia,2.7127847767785656,1.3611647663804105,1.447812493104993,4.484718108450493,8.454184972514708,5.801266110170939,2.8987730265334464,1.5942369404820065,5.973600916640444,1.084861984833444,-0.638355729097001,0.9984851612801796,8.3934174767601
2025-11-10,Caracas,1.7446490329786295,3.5183026871626817,7.4130845872521745,1.9513306673967663,3.949605180074955,2.2419955248912187,1.0125906482882268,2.261721835462722,4.299594792542213,1.1211959916881185,-1.4546539292372669,-0.915717006224744,8.687311071358796
2025-11-10,Valencia,2.9035833692457795,3.2553294330408304,1.322339658485715,7.891167395199115,4.33634524696006,4.324164207623522,2.8681894275720587,1.9870649127304496,6.14004171260205,7.929501189574637,-0.4843719493369672,0.9970249655137492,8.641313086611751
2025-11-17,Caracas,1.233050468444319,2.0955279132219737,3.592269544696616,1.777295307491267,3.993275656711,1.814216834409848,1.068537701313048,1.4557396809354342,4.216166479360793,1.2506161218446183,-1.5134389214333972,-0.9563203926446252,8.492436245667447
2025-11-17,Valencia,2.9911489341707336,1.2645194256492485,0.9551383941005884,3.305821365776609,5.712481012137191,14.044864037902911,1.7134393164696624,1.1262362821009988,3.5571366640895903,0.090714731034941,-0.3857228491519815,0.9843596992495444,8.557181224410305
2025-11-24,Caracas,1.7877581186041092,5.127727943598187,3.1204476922663904,1.2390846776017677,4.27043317636459,2.5890049963992405,1.4352612686159616,1.3112726455376675,2.549193969212681,1.7493570516595958,-1.5642199623189856,-0.981027574530542,8.787884984181845
2025-11-24,Valencia,2.1282588886215072,1.2637245026823518,0.9403061834705388,1.7173306782940572,4.287407598072744,5.328269445313103,1.8062947454888572,1.500835008270662,6.3283268517761675,5.457402260112717,-0.430033555938653,0.9720195962013056,8.560934763006873
2025-12-01,Caracas,2.6192124586360923,0.865942278419919,3.0663769159154612,1.5292262453117564,3.0645047754402,1.92073581787565,1.2478236936982905,2.1149059098194134,3.481827647154559,1.2048540602137994,-1.6248935549252486,-0.9941165300145438,8.476155720928537
2025-12-01,Valencia,3.812074770530029,1.6167373564368968,1.3132256303917051,14.852988066354786,5.584510980926354,3.911409829924154,1.855315041809693,1.194495528369608,3.5319445065575708,3.0685925582115328,-0.5063483043856871,0.9582225875513236,8.528232730214684
2025-12-08,Caracas,2.644027111296365,3.177216839467526,2.307131825143742,1.613485646423155,5.182388033673685,2.3054163480446093,1.369391833239252,0.5765666472578515,3.92781906647919,1.3017250668109823,-1.6651807085235135,-1.014327544909013,8.681258663566167
2025-12-08,Valencia,2.9175855054540336,1.3078339454598624,1.765034249467922,6.912328250808776,7.603063147567273,6.412753384231971,1.782707776989816,1.3064127004205937,2.640506223402978,0.6388652747711094,-0.6064989975270536,0.9480719768446586,8.447976935979142
2025-12-15,Caracas,1.1490022890192682,4.211948164171511,3.490600919983191,1.1687402903243191,3.3000416865240174,1.592502469900749,1.2206081150736436,0.6312414311265634,13.794179799389896,1.0643550741748533,-1.7001080076660384,-1.0580819039676472,8.711250627469925
2025-12-15,Valencia,2.8932759783581057,3.103163686592149,2.591769562304915,0.5981636253421191,0.9573259409359764,4.034964140496479,1.8194944931547297,1.6086534099624,2.9602172815395726,4.651043998236651,-0.6961553991513026,0.925029333948062,8.610072609014768
2025-12-22,Caracas,2.5422751624202404,0.3932662747156731,2.901442799897249,1.6535561818182325,2.5178422919657746,1.8711372757255695,0.9861408762465914,2.4678370954631084,4.380225106674311,1.073231883296503,-1.7189508612761673,-1.0632050340517534,8.274985109849041
2025-12-22,Valencia,2.8150952891803396,1.2665780813338985,1.0256343826169687,7.649015634800084,4.81131193803612,4.8771600567699736,2.8385281495680763,2.0628659567633307,3.786610540242245,0.1589163898323448,-0.8161921489005868,0.9231782345581396,8.263910077059403
2025-12-29,Caracas,1.1429986293353105,1.2514684549011317,2.8538157095994316,1.248370262372248,2.6670202760822517,1.6135873026338787,1.4843255321852475,3.707066703307699,6.500257318809948,1.1517425611008614,-1.7008025550373485,-1.0878260195781897,8.320360164150843
2025-12-29,Valencia,2.7191087108461383,1.2866554692314205,0.936621570646617,3.8458057991000576,7.624062824984659,4.078537218274526,2.961633776359385,1.164042492831473,3.050399023774411,3.2233527950772425,-0.9129292268674516,0.9154382914252452,8.201982399455522
2026-01-05,Caracas,1.5485024020019178,1.433297593981913,3.8862923377519727,1.87800396054603,2.497659815646891,1.824962430522756,1.591404649885746,2.854313016740302,5.843854777773209,1.2949254711790208,-1.6894566833938698,-1.0947927508222004,8.382008091673994
2026-01-05,Valencia,2.3642433096087654,3.638388487745293,1.5831445328285685,6.021295427877476,7.502376344264167,5.728602786549078,2.9611459878047572,1.1562528497708873,3.5198161018140666,1.2117252243752406,-0.8903961225570429,0.9106678318451222,8.232529988125224
2026-01-12,Caracas,1.432027414789315,1.682446406138187,3.730893354154566,1.3696790924938695,3.515945184767283,2.150305893512259,1.2028716185668242,1.2458101915099775,7.554110521022001,1.2090269894692052,-1.6266997897733069,-1.089152330071113,8.414789772215496
2026-01-12,Valencia,2.829921144070178,1.2450396456495556,1.316323540218458,5.567733267884462,0.965099242043588,5.026799765639596,2.7946293036339793,1.194497051107264,2.303872957945956,5.511696584244394,-0.897851873549431,0.9023146008673878,8.333180955881692
2026-01-19,Caracas,3.997075803073323,2.02939916531069,3.4347119405357325,2.0863066576776923,2.253667883073842,3.358202260805525,1.8437376038112427,0.7592137410575897,6.223898142510258,1.0377774564071909,-1.5655365093362397,-1.046502195162778,8.69642255220213
2026-01-19,Valencia,2.665818173474775,1.3339709313296253,1.4554825259860835,6.482180641442229,6.464839560076434,3.733907237666448,1.551885884740667,1.2055753005576022,5.306604854315076,1.3555496114572612,-0.8952970120365766,0.9007134355433806,8.29762122208214
2026-01-26,Caracas,3.5304619030819926,3.6335724889671495,2.4586315789463717,1.9653499647598671,2.028170043207324,1.7256592385827685,2.29255020916135,3.7650539882470104,5.619030392693477,1.1039128347787044,-1.4628037820673545,-0.9898670967544204,9.024438004031813
2026-01-26,Valencia,2.1167048560756534,1.335615520874098,1.438358063377435,6.807553463265698,4.243407573763785,6.038358291016114,1.4995379950399166,1.0566358355048735,3.14174720492149,2.0701466326532363,-0.8256605389783191,0.897475488519352,8.353916364899554
2026-02-02,Caracas,1.4918416351265174,4.007530566745595,3.04560835219555,1.7129624329612174,1.2999099248708434,2.143143137547362,1.6327167812556314,3.325268448691989,6.712422465941054,1.0928089945446402,-1.3655142217612954,-0.925838095629754,9.002881580344141
2026-02-02,Valencia,2.907884128086345,1.1269159932852573,1.2606328632567825,6.14834019064418,3.3302796103757513,3.4387533683382676,1.4502856153795172,1.4825686831482894,3.3555786450833014,2.1734258425111275,-0.7323660184126402,0.8935589582466945,8.326811459693397
2026-02-09,Caracas,2.8443334686092148,2.58043061663098,2.950359975111775,1.1658197438051,3.044118011215923,2.087243361789084,1.4942991056927473,3.538697144495222,6.412727737104807,1.1703937498357715,-1.2367687302228565,-0.8763462278310229,8.952230282285337
2026-02-09,Valencia,2.069110487578433,2.9858183195886694,1.965087259779984,11.16360542388492,3.036770268288284,2.7179388937215414,1.4627343187151438,1.3385271515997923,3.081608167840003,1.285567947101067,-0.7271579639463492,0.8803464321125849,8.275234695946533
2026-02-16,Caracas,1.3868767918712517,1.7373939865481975,2.621564757359713,1.7137520401183617,2.3581171139386843,2.1071684604906276,1.4092165902054807,3.0292894733178013,8.275608147437337,0.9601242210123256,-1.1404084305155069,-0.8332676253143507,8.770463505090124
2026-02-16,Valencia,3.9254068755455327,3.151582919552978,1.2719998569198965,7.224230615509884,2.5714834131542093,3.460335350961324,1.6427159249475822,1.2313803234631024,3.8049045318652057,1.1647307220256105,-0.6961107426296227,0.8670842299419977,8.178391926783291
2026-02-23,Caracas,4.036679111563543,4.067405111443953,2.4836607276570173,1.7277367614516912,2.7533017422534205,1.700615961150901,1.0541111175801643,5.117103403358512,8.405248070835144,1.1343232879542589,-1.036177779149205,-0.7654147831153219,9.014716016771803
2026-02-23,Valencia,2.6651042019164417,1.4771193856843918,1.6898877651362787,12.292570679262814,2.17923540900653,3.047107778741407,2.452245602092733,1.5620743277191618,2.8879355085883827,3.1233195889284464,-0.6823014387724936,0.8629251316989596,8.294208497247796
2026-03-02,Caracas,1.4518369805011586,3.1689866748230244,2.1877419392074837,1.4880151569709852,4.714664786652981,1.979873544815956,1.0313431821557366,3.429931062349328,15.961232472869185,1.5868691284197385,-0.9233952760620372,-0.7093733720570691,8.932066521761588
2026-03-02,Valencia,2.291824765988695,3.201348351405501,1.462077189050066,5.828871795123072,2.5016182713708073,3.7415829888905714,2.7862268882825236,0.8362197569908875,3.947044797527752,3.653926737974756,-0.6628586317047895,0.8551198240641217,8.34959540521161
2026-03-09,Caracas,1.4271703040893715,2.0853846715680917,3.7034283593621327,5.796706226049093,1.7996456073184557,3.055318315759141,1.288270495534539,1.644972639142197,4.688504555994803,1.1229062891418071,-0.8261640522112554,-0.6440519784048552,8.882524135720972
2026-03-09,Valencia,2.5562256495955418,1.2737236425421263,1.717621714533479,10.700856423600484,1.4594332590375307,2.0396132759062393,1.4909183104484218,1.1070776284085322,3.1887750056281456,1.86029671000612,-0.728355108866037,0.85212497862322,8.288237750626092
2026-03-16,Caracas,1.6983719511974125,4.698751500869536,2.881245237005721,1.6610619574004657,2.539179458268341,2.876899490093239,1.2395036808704138,4.410131440011028,10.489553395630214,1.124205312035207,-0.7639206844694202,-0.5807580296693662,9.133983006002346
2026-03-16,Valencia,2.260799069672426,1.0230941405433331,1.4544793990423426,3.399278253155287,7.29993948930819,3.140833479530421,1.429239291641408,2.1617267240466806,5.533865449990979,2.066997490087923,-0.8174558335412314,0.8397703125573147,8.257245380200827
2026-03-23,Caracas,0.6636894127987999,2.1248959662123346,3.085104506325076,0.621920613031747,3.1107733414272123,1.818731815443228,1.2005640274071956,2.8890556837754127,7.491056409667687,1.2225114460338338,-0.681663572367096,-0.5298878116959931,8.882977728751026
2026-03-23,Valencia,1.6192222618250611,1.048071943498059,1.7256009963790542,10.800518121716935,3.2238176275018677,1.858618930201887,1.3926254277482215,1.2747640446298822,3.168219106674478,9.672849674760624,-0.8020502619437396,0.8275254009652759,8.447699297101552
2026-03-30,Caracas,2.0378857804570907,5.61091853073279,2.104114623830448,1.794941535630569,4.2175510248637345,1.8391512074687,1.2010184767902143,3.3911377507127014,16.510297215028306,0.8924222438610617,-0.5905154165149376,-0.4590453344733676,9.250368970141087
2026-03-30,Valencia,2.779620821360242,1.210847078001131,1.9385418709888085,2.769903603726784,4.136469236104917,3.329336390961144,2.493134117111707,1.4725047778563634,3.894222784914013,2.064888225367583,-0.906600539494027,0.8244040383362663,8.422128922990817
2026-04-06,Caracas,1.2316533495550046,2.9277466833729786,2.8177385289235395,1.345275269922989,2.5324664345874908,1.6082053781976653,1.8837301462419336,2.1665355673329385,17.752471353773817,1.1773517084905372,-0.4680173200574288,-0.3812768470315433,9.271520260611357
2026-04-06,Valencia,2.551806490204484,1.0071011659300044,1.810363036526504,0.984377767746127,3.1676112015362508,1.2438339177236943,1.6047694139514437,1.3459391104391587,3.2230406339742728,1.9032702662560363,-0.969299299897799,0.8078256039879692,8.275280916740035
2026-04-13,Caracas,0.8019475271651832,4.46786343795138,2.7084849631845898,6.124333166360404,3.521045601026753,2.119188466520761,1.1889121558644666,2.8181567751387533,6.252720830558466,1.2338103855981315,-0.3569586530903479,-0.3245367972240556,9.259375764059124
2026-04-13,Valencia,3.3816424543394636,0.9534143745323468,1.8191185330807769,7.321332760330029,3.0765721375938595,1.3070379684304307,1.360163084320683,1.2718066743856031,2.750884139658475,4.884389219690282,-1.0521813712600154,0.7974443225511509,8.252006022048672
2026-04-20,Caracas,3.428687482698325,3.2905474944862823,7.67739392041663,2.1934056144052834,3.196447194442158,1.7248565705286525,0.8838802031472338,4.900991822511231,9.945228496176217,1.167521683164347,-0.2497974028637551,-0.2938034961747364,9.27403026417733
2026-04-20,Valencia,2.019104603611221,1.1818863315361217,1.3345881210254231,2.1275636443558597,5.1116314276248955,2.414902032307697,1.234704003214721,1.584078436752432,3.495117327877903,9.328907879375752,-1.0711433060860558,0.788823839191394,8.336189668547691
2026-04-27,Caracas,2.4696534456828356,2.8379574571017856,3.1604575891047135,1.2819385272965755,4.79211628128488,1.756839109125483,1.081318018507864,5.185891728138362,8.407511647224025,1.0724721198730198,-0.1457918516081411,-0.2406005215365645,9.318042002079213
2026-04-27,Valencia,1.774283950384609,1.3358516256774176,2.0489709335713098,3.2792233673963858,2.7063524443044047,1.609286119122782,1.4023327511253232,1.0704149196709452,5.882981091782318,3.908958182454025,-1.0755084926491063,0.7634731619557966,8.33583268192884
2026-05-04,Caracas,1.6705833736704945,2.5949660007361666,2.9164491062653823,6.036122576862284,4.431762724466461,1.7650727759668026,1.2364791892782931,4.769871239628735,6.128953659871898,1.1516580847359603,-0.065010505213921,-0.1975164518645927,9.312876339552696
2026-05-04,Valencia,3.1389954767306274,1.338188248525096,2.001910975484933,4.765568576058411,1.7555510155876095,2.1544206116887503,1.2898655105652703,0.7270789818040663,2.5880307509453155,4.654911439981659,-1.0609977617328412,0.742593286050408,8.378800588672393
2026-05-11,Caracas,1.2352142668762245,5.460164913770586,2.839239986054175,6.966675267354045,2.542919546541088,1.8084059163041035,1.1383977622800725,3.326699328196301,6.611570890902173,1.129191541648566,0.0037511942686598,-0.1875461012560072,9.495823827865081
2026-05-11,Valencia,2.909671582051081,1.0825283482968364,2.4921064179344707,8.833376792601534,3.571464778459873,2.1315799500450883,1.4706299427074965,1.2819126290445242,3.1867733302252184,1.9526274098530385,-0.8895986580038211,0.7271977579308976,8.425082516587219
2026-05-18,Caracas,1.1750309689751908,3.759335189178015,3.3176005358000853,1.3954904459593496,8.325672549672122,1.6124267412877518,1.8609712146230664,5.530714810611655,7.8932811407235235,1.1979801805793622,0.0974084015039283,-0.2004999979687471,9.546385205714836
2026-05-18,Valencia,2.5964060582445923,1.2227687462823231,1.8287135418749787,5.288341917576946,6.241083083051306,10.070393875810408,2.3722410149047684,1.018275357729734,2.999772459126246,7.589731599550135,-0.7569535868089914,0.7113551284884176,8.695528666978612
2026-05-25,Caracas,1.2612084827611014,1.5954156109615445,2.342324634066021,1.684742385206106,2.8318673397849325,1.7940785341627712,1.1675496492929247,6.024562017766693,9.248488246203358,1.2728278559780908,0.1502486056462027,-0.2250316977757545,9.232290004400106
2026-05-25,Valencia,1.8555622342638216,3.236905659729538,1.7766869848399112,11.298222099966932,2.9096404924673305,9.2841758465628,1.4627522685239718,0.8533161556681277,2.8380705796479977,1.473520547796283,-0.7372550649105496,0.697606109683447,8.614022103354326
2026-06-01,Caracas,1.4005951215185335,3.1836188295821928,3.596684821956391,1.79569665606712,3.621039679780978,2.650449527061789,1.5536299675139045,8.062909181981137,8.368026541441791,1.1271436039107532,0.1981706365433164,-0.228881543631331,9.421830778752009
2026-06-01,Valencia,2.174021683183236,1.1671466769102226,1.3535502904324408,4.677063761519,6.000440442844597,0.3790687435419275,2.2767630112658894,1.356942234230042,2.3423138076264913,2.3219172960105467,-0.7226837939766235,0.6724352864013959,8.408162517284866
2026-06-08,Caracas,2.7698510348920475,4.05397088701908,3.472124362629698,1.933564044819258,3.6014702854669607,2.801530004511811,1.0923097574673255,1.8531322346759072,8.143600514240573,1.2174174022742694,0.2194097301370073,-0.1981996131049961,9.541896299224739
2026-06-08,Valencia,2.1898193609613243,0.8263037376376169,1.4838246573867828,17.85397351889645,4.370749675803093,2.2021506498189463,1.3705695903596138,1.9646681465828,1.7488096848954664,1.3394037854151717,-0.7518102964548543,0.6422571056210596,8.296823649026747
2026-06-15,Caracas,3.9429154250983927,3.067272819381169,4.263056115431243,1.6485313946150246,2.3564077587758026,1.659655722252801,1.1978452326738138,2.8674495052046827,7.459598157979059,1.1566050991244974,0.2845359992322518,-0.1800283094478968,9.562275282882236
2026-06-15,Valencia,2.18761469135562,1.0796481078558928,1.2188709531710578,10.29972332313128,3.0990532246856892,0.8711312610811517,2.341542124437475,1.255707299147615,2.6320813094103728,1.9028846697537665,-0.9202324537954222,0.6079920220888974,7.99297548759379
2026-06-22,Caracas,0.9373377135428532,0.5073222000567525,3.758569802481945,1.463377986043542,3.328352582955914,1.5737481830589528,1.8305134270998664,2.648015169369775,7.52582501529458,1.1174847629223337,0.3283854827389592,-0.1740532842549003,9.29618561486677
2026-06-22,Valencia,2.0658079339299538,0.9825110019731228,2.4267075483508305,8.518104073238257,1.0034072253766229,1.459990294112937,2.2355762229554963,1.526819393944714,2.761725869697792,3.1507706057814815,-1.174759691946326,0.5720785541015065,7.9621209903686925
2026-06-29,Caracas,0.9343943223102014,3.4793701510669663,4.201089459810691,5.756109074903446,2.4243864761818177,1.4275329730119717,1.4060752802858605,3.5085768480395503,12.293421488846136,1.5273250739468616,0.3753418344850054,-0.1827114469070133,9.487193470717571
2026-06-29,Valencia,2.3224740152725634,2.900007535527313,1.8045724027916212,5.525525861162243,4.571020368887521,10.813154586301046,2.4291032025034673,1.133613169246262,2.4608478711871813,3.86089613444856,-1.353115468244245,0.54010861772899,8.255804075019247
2026-07-06,Caracas,0.8657949607187855,4.771825441354415,3.4160792592680385,0.9148643847196142,3.423455205947709,1.8980082636614624,1.3885902100672014,2.319689867709895,8.013176948176714,1.2909144823512009,0.4263455521202092,-0.2079135813921788,9.58624335439587
2026-07-06,Valencia,2.0480808066452876,1.0568307419541028,2.513202939956672,10.32726801167299,2.211778615249902,2.2617222674841098,1.3125316292891132,1.5101758734790944,2.073739195568747,3.6937653561158017,-1.4689764583392984,0.5000256938350549,8.30243562199216
2026-07-13,Caracas,1.3419452776220493,5.0159814424242795,2.3393765352796936,0.969979546436762,3.331592872278518,1.751098038745893,0.9739761978489604,1.0905216475226545,8.850671527711784,1.2029879499541418,0.5042959707168884,-0.1954830236271083,9.568353892393358
2026-07-13,Valencia,2.4038477328730403,1.0058642647199132,1.8183195044468103,3.614297654446635,0.8631361993311837,1.0399143904835868,1.2985392153808706,1.8742427270973885,2.1340231907104905,5.984183130075458,-1.613355319025054,0.4545868010805097,8.240919995027285
2026-07-20,Caracas,1.7916157368942305,3.05068269201637,3.0078745144547985,5.2982180469360145,2.2465257445991393,2.40283022375799,1.3100881204726498,5.002241826356918,18.107726039432595,1.324090671753413,0.5474272412889722,-0.1782031769401206,9.56777195828885
2026-07-20,Valencia,2.280939821021155,0.9566544273882004,2.1534548482301403,12.557812172007424,6.043451467418858,1.1624240901596383,2.2132713873037364,0.621971878871799,2.183732514945577,5.614561913016195,-1.664846696829744,0.4121913099093238,8.19485548828253
2026-07-27,Caracas,1.2689783797939338,3.610122442446744,4.127400239337343,1.710182067237665,2.049061693926175,1.789599679223008,1.3854714236013694,6.956923617380099,7.147639131887451,1.1743641796075388,0.5571928425483155,-0.1810848299677983,9.611655847221607
2026-07-27,Valencia,2.2176808933595535,1.1798205993026314,1.9208248950761184,3.333670864881777,3.5648696493739043,0.615053919849597,1.1193142231354232,1.2755811776388557,5.096522824114118,3.3188856998680256,-1.500156999276863,0.3797281296883591,8.031626245504224
2026-08-03,Caracas,2.8566777133432297,3.4620555744351287,3.7069686781634217,2.6469838732635407,2.919079811593833,2.2508874543818176,1.1623621408423437,5.08819729627501,14.980319489499331,1.4103842856322797,0.536098421180744,-0.1797255119561581,9.629596266993625
2026-08-03,Valencia,2.2445135159614864,1.1042171580579356,1.7060914404118916,3.44380047965687,3.24808410404941,1.3071458405603047,1.3690303416145888,1.2429384916081057,2.6473925946030263,3.060708722092863,-1.2960846089648437,0.3344279951877854,8.018149349178254
2026-08-10,Caracas,4.46129416677144,4.085987128569131,4.900576752637869,1.44836936197424,1.0546059269252042,1.5154803064962916,1.1949344908800354,2.818031324444224,13.88662397659752,1.4036780845588002,0.5108396872664355,-0.1592460896512532,9.7328514318667
2026-08-10,Valencia,1.856753446905868,1.0152631691039036,1.858530592304416,4.449072414387407,5.564972609310544,1.2807869441483175,1.30152034912544,0.8787878838627557,2.888595080582599,6.0071709460171165,-1.0957256839370548,0.2999471552955243,8.137313540938678
2026-08-17,Caracas,1.246394547075993,3.8891043696921033,4.061523618700702,5.919370693747041,2.3593170511130697,3.050032809355322,0.8636439971833105,3.455429147434778,7.068249274730424,1.203553707652965,0.5052081977864631,-0.1452720859706766,9.589732499489212
2026-08-17,Valencia,3.7363338768245535,2.763864899953952,1.5951622489020734,0.5794116180526462,6.081895768326605,0.3209959285207063,2.2140740114389383,0.9067227973236228,2.4744955414621153,5.45016520708219,-0.8535462959446214,0.2606767935896534,8.147504329514401
2026-08-24,Caracas,3.5205888987470972,2.7670273041719393,3.5215508315645647,6.509978810872395,1.7987475387516207,1.9407950573005088,1.9954508606494772,3.910439424680248,7.01107856789435,1.306186277955575,0.5387706937654637,-0.1413411318990616,9.772731186888414
2026-08-24,Valencia,2.8736585837092052,0.8289193707302351,2.1183570593594805,1.87082532682927,3.59688490928829,1.1740105302579449,1.1111508021410157,1.1077609167944678,2.2903128947302207,5.017811694217305,-0.5394784507146041,0.2158966909977012,8.308289137183456
2026-08-31,Caracas,1.646342913929708,1.888187224810286,2.9065517815877615,1.7523053470511354,2.172781583557319,1.6795162700465611,0.7873280888989692,1.2354685976380697,15.400453962734712,1.2128448352946244,0.6090284889118995,-0.1202705672108663,9.446146430925877
2026-08-31,Valencia,1.9258157109676408,1.213931371736368,1.7867124417888245,1.670966709523505,3.2965517663023545,0.5812810439783245,1.2302966795872985,1.4830000941560193,3.7379500920963946,4.517571191316304,-0.2648654227939788,0.1766444721808534,8.337297666767844
2026-09-07,Caracas,2.122372452683381,2.186710027219613,3.179044964586206,2.6004387493161367,1.7947873198594058,1.6207381640863745,1.1924039347564983,10.760523769355084,7.5884024841982445,1.4761165136142416,0.6613244153960999,-0.1024931150409781,9.491517366700698
2026-09-07,Valencia,2.040393357673699,0.9371448288031462,1.6162992732266006,3.598301727650384,3.699621498691707,1.3958437668000778,1.9730336464400704,1.2698105696747588,5.365363048059508,3.1164001188064816,-0.1265904580633364,0.1536723802572274,8.332315468382054
2026-09-14,Caracas,1.6591067169783114,4.203985212413032,7.140755900938125,2.7528847803066268,1.8618344944845495,1.734763019629331,0.7505574352672152,3.0580746175979465,6.9276200927180955,1.2888367957304234,0.7093387143255032,-0.0456929290103188,9.58027710269191
2026-09-14,Valencia,2.0070507781112266,1.3418725662518327,1.0395669697862588,4.006761449020439,5.183698891158283,0.2996320719348975,2.2353254601080823,2.2159092268428298,2.8840551853338603,4.544486173000318,-0.0296340353241271,0.1447971483382044,8.261425745862184
2026-09-21,Caracas,0.7974917389819832,5.142104303299298,3.3975344737767332,2.200674908542043,0.8700682889839666,1.7186978604980891,0.8942157140962956,6.0804184799944485,5.4822841047897475,1.2913908063406292,0.7514167838107721,-0.0287232978547418,9.602442545485138
2026-09-21,Valencia,1.9390322673151883,0.9006618622876538,1.5332689373913988,3.757983821819649,4.907026054597515,1.653925545973619,1.484344562708658,0.879447989560995,4.819552517576629,5.307076037439587,0.0598020369005209,0.1304694931662186,8.36342861999764
2026-09-28,Caracas,1.144647743316659,1.2965678767272053,8.008905587166693,6.092551370361259,1.5018093863568205,2.053088982718815,1.319774266749202,3.681556191672536,8.393019869391875,2.1360944543120652,0.7992834596072225,-0.0271534545030767,9.4410774865525
2026-09-28,Valencia,2.361671640111602,1.3099128610229511,3.220858843730805,0.0322943710524325,5.203596127024462,1.2521306898700315,1.089642345699611,1.9197841970428624,2.595919965769657,2.491004853077067,0.1577549760383563,0.1199634712917707,8.524537296023395
2026-10-05,Caracas,2.050383489534795,2.651858974772345,3.917276436613806,1.632391070385246,2.0681463199032426,3.2721183273718233,1.0697343767661691,3.6559654989498656,6.603062325204105,1.3580210911672683,0.8746055129746365,-0.0313130559254555,9.55783036311353
2026-10-05,Valencia,2.4198263085435574,1.2816903998986553,1.086085043205481,10.0329099803511,1.3389436275987838,0.9471204121438224,1.2176214764566842,1.1055983397782507,2.0532922145723806,5.440579527831553,0.1608767133524092,0.1094694653395667,8.465465910814462
2026-10-12,Caracas,3.7067495434826543,4.092762807031086,3.9802287840800967,2.301237020191778,1.7585019024895536,1.7811163693098608,1.7572659512530728,4.841924185735574,12.824879468185534,1.2801450771097114,0.9454972050853462,-0.0360383088175698,9.986252224775427
2026-10-12,Valencia,1.5290579062791445,3.045628231363448,1.3426948085477304,3.5363027530274653,1.7755697615277837,2.0184150570112296,1.3397529003306274,0.7025989071647334,2.7297509294710953,3.322873709938707,0.121215512291458,0.1070843714070799,8.459940431295184
2026-10-19,Caracas,0.7248937661193994,2.367060604761136,3.5009429224184063,6.187160586766796,1.130415586210804,1.745001192434066,1.1168321488721036,6.492378984445924,5.062321316948701,1.3304455036936105,1.0418827808719775,-0.0036121630162665,9.699675933865636
2026-10-19,Valencia,3.5239225260049287,1.0943994335858425,1.4596121921641418,4.219999416973266,5.102936032787085,0.569829395395967,1.1904941407723864,1.2495144400879992,2.319953852915285,2.5059448471447903,0.0959309922082505,0.1161562805058663,8.275794332982814
2026-10-26,Caracas,1.1818435376640004,2.3031591093018298,2.7605731039245405,1.248080509939062,7.645186966340347,1.7029738107421848,1.2191378392042824,3.728741337709123,6.3143459231910555,1.282346539821948,1.140543774382004,0.0341803492016148,9.636346439452733
2026-10-26,Valencia,2.3698565554259643,1.2123148815279463,1.9029579380846595,3.1058494569700525,5.109362336666871,0.4521198573453608,1.2432427404369493,1.4293365026584832,2.838004125163851,3.0737901014687177,-0.0005679148652876,0.1262391747578806,8.22643577118065
2026-11-02,Caracas,0.8852319895407738,4.17665665205205,2.956247573837619,6.024230378166925,2.658220930537341,2.640293654781625,1.1768160951908753,4.551834514147726,5.759289565293656,1.50247304068746,1.225188557182871,0.0362081410404664,9.782920373934205
2026-11-02,Valencia,1.4248083762629211,1.1189493986068306,1.5346556814421115,2.9165431102489268,3.598507178993379,0.9909732867697172,1.2018755060815138,0.7833563405932461,2.576632525096092,2.6666279462374822,-0.1147618464975513,0.1483671086351359,8.181982086075813
2026-11-09,Caracas,3.580857235032393,6.690156113709171,3.224233985349669,2.8835228072395496,1.5942620620146026,1.7137401048038652,1.095366677981156,7.482982506240963,5.324379987333433,1.381096468495642,1.2920455495802456,0.0257615441345161,10.10049100910834
2026-11-09,Valencia,2.2961969123517045,1.1372697294500502,1.2571383789812225,0.4591158584277397,7.419606186285764,1.6379844510602015,2.196187725479663,1.0356938632791224,2.4789567619691932,3.767137449145888,-0.2939481301577431,0.180534347449227,8.17495589190404
2026-11-16,Caracas,0.8610459099984217,3.064923877695803,3.152521689718547,5.844216798520913,3.494869297573865,1.207001839636886,1.5240414313888624,5.28030717039377,2.1850551194769694,1.2550841346334962,1.3620986850316097,0.0400840809293162,9.947845571696467
2026-11-16,Valencia,2.482651664970681,1.251818679358063,1.6418208501332132,0.7200373851308521,3.299247012746854,1.8689853030768768,1.1948436450526116,1.4434813148980168,2.9635094919180474,14.552930980706916,-0.4774667552313723,0.2204683156022847,8.434599573310058
2026-11-23,Caracas,2.9754950307693138,6.292339801976792,1.7267798134597296,1.8809472329006585,1.6848910949573754,1.4681406351618715,0.8783459360781253,4.635951758565508,3.425797723169357,1.5711947198556049,1.4396495467370078,0.041005407866907,10.108149656674412
2026-11-23,Valencia,3.1027243402844435,1.4607673310224951,2.114534078048444,0.0326845277896489,5.16210549485886,1.4880537222332688,2.34365674891105,1.4975291824724106,2.3626497388865535,5.501995629260123,-0.6342142516272884,0.260222117127321,8.472472451307429
2026-11-30,Caracas,1.7462032394169085,4.295938888790627,3.7139677051941593,1.07327390850436,1.7441981710252048,1.7842633187446628,1.277432226608937,8.84377074606205,11.710926624061091,1.5938535974091677,1.521782483698138,0.0494290893075488,10.083831209741287
2026-11-30,Valencia,3.2950942243661525,3.1295082179228286,1.5340537961256502,0.279732663609964,6.696781185945254,1.3787729462243752,1.5381166568402524,1.4044537044843846,2.6695678522185164,5.47106854942118,-0.711004595123186,0.3019635458169226,8.377772254110006
2026-12-07,Caracas,1.7372582579981617,1.465120642327224,9.39252679617918,2.157029445373595,2.288336951356146,1.655564787802821,0.7950704786513817,4.561054201015071,1.7896295198256578,1.5047404722296058,1.5911805655234577,0.0483763726394775,9.729925783719304
2026-12-07,Valencia,2.5464170442358944,2.542202287591443,1.5753467679710822,0.7989709838309266,2.872492095009972,0.6593488269905838,2.1744014003249617,1.5166658431217113,2.634858495652003,3.4164752998940577,-0.6781117758368778,0.3482884222522317,8.27585918324604
2026-12-14,Caracas,1.3250202592960496,2.0580583605095373,4.121832609911522,1.3065711539034917,3.003318158656579,1.8149585317731824,0.8048435750901444,5.046689536042998,12.150326406756191,1.3119194781158037,1.6464121433319705,0.0573462429875651,9.678309151608639
2026-12-14,Valencia,3.375840559088249,1.55240669864923,3.884735408477479,0.997602043238617,7.717228509255744,0.7078827269219999,1.274264858707463,0.9251965219613484,3.275413316016047,6.538460527271203,-0.6339301610848016,0.3959100017040305,8.457850382109806
2026-12-21,Caracas,1.1158571333153977,2.503593581399024,4.114336523286007,1.2135234955665328,3.63128751358927,1.5154118341968823,1.7168281002319676,6.744102299619952,2.255659538522315,1.4272196532791674,1.664125178570604,0.0662536674981939,9.888992414054211
2026-12-21,Valencia,2.253293888840582,3.395629378706373,2.0206124013295006,0.3223515416116184,2.3319797307657435,0.3690300178659222,1.1786743581809012,0.7329228124074695,2.8823694217391487,3.3390183947677534,-0.5529002139785624,0.4329717808368968,8.341688730605695
2026-12-28,Caracas,1.5250296608749467,2.2557357121436943,2.422364729802851,1.435076647152869,2.8982534399872044,2.0716824619172276,1.3513218395481446,4.633159425629593,4.02487172342021,1.3189469936979756,1.6625493850601991,0.0859410940578915,9.895549567887398
2026-12-28,Valencia,2.40009602776529,0.7711326879750369,2.0170544604146907,0.036763791185486,3.63727415501505,1.5815102346328698,1.1984536951712772,1.7830283354200664,3.4830276124790984,2.8653731080945724,-0.4288871998938634,0.4676206327681015,8.350966700352092
